case,bound,m0_setup_ms,m0_pfxt_ms,m0_cold_ms,m0_generated_paths,m0_strips,m0_strip_paths,m0_tiles,m0_tile_paths,m0_individual,m0_total,m0_cold_min_ms,m0_cold_max_ms,m1_setup_ms,m1_pfxt_ms,m1_cold_ms,m1_generated_paths,m1_strips,m1_strip_paths,m1_tiles,m1_tile_paths,m1_individual,m1_total,m1_cold_min_ms,m1_cold_max_ms,m2_setup_ms,m2_pfxt_ms,m2_cold_ms,m2_generated_paths,m2_strips,m2_strip_paths,m2_tiles,m2_tile_paths,m2_individual,m2_total,m2_cold_min_ms,m2_cold_max_ms,m3_setup_ms,m3_pfxt_ms,m3_cold_ms,m3_generated_paths,m3_strips,m3_strip_paths,m3_tiles,m3_tile_paths,m3_individual,m3_total,m3_cold_min_ms,m3_cold_max_ms,204_alone_speedup,24_alone_speedup,24_added_speedup,204_added_speedup,both_speedup,m0_bound_speedup,m1_bound_speedup,m2_bound_speedup,m3_bound_speedup
netcard_base,0,0.613894,6.366868,6.980762,1257046.0,0.0,0.0,0.0,0.0,1265120.0,1265120.0,6.96227,7.040571,0.606705,6.358124,6.970843,1257046.0,0.0,0.0,0.0,0.0,1265120.0,1265120.0,6.935657,7.009017,0.614192,5.880101,6.494293,1257046.0,70573.0,1216011.0,0.0,0.0,49109.0,1265120.0,6.489334,6.6627529999999995,0.615601,5.90282,6.5126990000000005,1257046.0,70573.0,1216011.0,0.0,0.0,49109.0,1265120.0,6.442018,6.539657,1.001422926897077,1.0749071530958028,1.0703462573658018,0.9971738291605369,1.0718692818445932,0.9393223623127953,0.935981630661467,0.9131473506423239,0.9226334731821135
netcard_base,1,0.610997,6.820453,7.431699999999999,1225474.0,0.0,0.0,0.0,0.0,1265120.0,1265120.0,7.403805,7.510083999999999,0.621949,6.83674,7.447628,1225474.0,0.0,0.0,0.0,0.0,1265120.0,1265120.0,7.337415,7.65958,0.616695,6.496272,7.111988,1225474.0,70573.0,1216011.0,0.0,0.0,49109.0,1265120.0,6.879841000000001,7.137798,0.618608,6.434075,7.058815,1225474.0,70573.0,1216011.0,0.0,0.0,49109.0,1265120.0,7.031537,7.067736,0.9978613324940504,1.0449539566152248,1.0550819082239724,1.0075328507688615,1.0528254388307385,0.9393223623127953,0.935981630661467,0.9131473506423239,0.9226334731821135
netcard_d10,0,3.692292,29.430452,33.122744,4353439.0,0.0,0.0,0.0,0.0,72089760.0,72089760.0,33.058045,33.144623,3.731521,29.67376,33.405281,4353439.0,0.0,0.0,0.0,0.0,72089760.0,72089760.0,33.079892,34.191773,3.720116,12.894286,16.608584,4353439.0,3478895.0,72062747.0,0.0,0.0,27013.0,72089760.0,16.55726,16.615372999999998,3.705649,13.041667,16.773017,4353439.0,3478895.0,72062747.0,0.0,0.0,27013.0,72089760.0,16.676873,16.792326,0.9915421456864858,1.994314747121127,1.9916083671768772,0.9901965758455978,1.9747636337577192,1.03362023800567,1.0391511079425817,1.0545720580486964,1.0625159475418045
netcard_d10,1,3.67881,28.366561,32.045371,2396640.0,0.0,0.0,0.0,0.0,72089760.0,72089760.0,31.992783000000003,32.266197,3.723501,28.430229,32.146702,2396640.0,0.0,0.0,0.0,0.0,72089760.0,72089760.0,32.10837,32.286628,3.703921,12.045201,15.749122,2396640.0,3478895.0,72062747.0,0.0,0.0,27013.0,72089760.0,15.662804999999999,15.80538,3.703205,12.064658,15.786132,2396640.0,3478895.0,72062747.0,0.0,0.0,27013.0,72089760.0,15.698518,15.931076000000001,0.9968478570523348,2.0347401588482206,2.036388774653601,0.997655537151216,2.029969786138872,1.03362023800567,1.0391511079425817,1.0545720580486964,1.0625159475418045
netcard_d20,0,6.330167,64.026258,70.356425,3757593.0,0.0,0.0,0.0,0.0,187606394.0,187606394.0,70.299578,70.631366,6.309071,63.995438,70.2923,3757593.0,0.0,0.0,0.0,0.0,187606394.0,187606394.0,70.28404499999999,70.483041,6.308318,19.401893,25.710211,3757593.0,7627528.0,187069083.0,0.0,0.0,537311.0,187606394.0,25.531283000000002,25.716651000000002,6.294534,19.373622,25.648109,3757593.0,7627528.0,187069083.0,0.0,0.0,537311.0,187606394.0,25.480079999999997,25.810322999999997,1.0009122620827602,2.736516825941257,2.7406425947425594,1.0024213091109369,2.7431427790641405,1.0105057289508976,1.012860544905754,1.0508994967781877,1.0447108520019073
netcard_d20,1,6.303236,63.29382,69.62496399999999,2470661.0,0.0,0.0,0.0,0.0,187606394.0,187606394.0,69.421465,69.676117,6.312357,63.080036,69.399781,2470661.0,0.0,0.0,0.0,0.0,187606394.0,187606394.0,69.320075,69.474631,6.297155,18.115113,24.464957000000002,2470661.0,7627528.0,187069083.0,0.0,0.0,537311.0,187606394.0,24.321633,24.499913,6.301004,18.203855,24.550438,2470661.0,7627528.0,187069083.0,0.0,0.0,537311.0,187606394.0,24.407671999999998,24.757144,1.0032447220546703,2.845905839932602,2.8268245560425442,0.9965181476599319,2.835996816024219,1.0105057289508976,1.012860544905754,1.0508994967781877,1.0447108520019073
netcard_d30,0,9.099955,109.225841,118.36243400000001,1120011.0,0.0,0.0,0.0,0.0,344867591.0,344867591.0,118.150661,119.569826,9.128507,86.919903,96.04841,1120011.0,0.0,0.0,2030567.0,336580448.0,8287143.0,344867591.0,95.916117,97.522416,9.13424,105.944026,115.078266,1120011.0,3172.0,86938.0,0.0,0.0,344780653.0,344867591.0,114.809518,115.327293,9.074798,84.309151,93.382317,1120011.0,3172.0,86938.0,2030564.0,336582743.0,8197910.0,344867591.0,92.768876,93.45954699999999,1.2323205974986988,1.0285385600092376,1.0285502982325874,1.2323346613899075,1.267503718075447,0.9480562219419657,0.9931305352369425,0.9470345968521685,0.99286541088505
netcard_d30,1,9.135288,115.694982,124.847484,1115803.0,0.0,0.0,0.0,0.0,344867591.0,344867591.0,124.304701,124.977631,9.087573,87.648233,96.71277500000001,1115803.0,0.0,0.0,2030563.0,336581745.0,8285846.0,344867591.0,96.503129,97.233086,9.123157,112.391164,121.51432100000001,1115803.0,3172.0,86938.0,0.0,0.0,344780653.0,344867591.0,121.274857,121.604585,9.136041,84.952637,94.053349,1115803.0,3172.0,86938.0,2030576.0,336585456.0,8195197.0,344867591.0,93.494749,94.573936,1.2909099547603715,1.0274302071769794,1.0282757182840987,1.2919722932992,1.3274113609713143,0.9480562219419657,0.9931305352369425,0.9470345968521685,0.99286541088505
netcard_d40,0,11.856226,145.921474,157.73333,3672596.0,0.0,0.0,0.0,0.0,312541179.0,312541179.0,157.297179,157.927113,11.810482,97.593329,109.40381099999999,3672596.0,0.0,0.0,1940872.0,306989244.0,5551935.0,312541179.0,109.346282,109.54587,11.873751,135.158671,147.03322,3672596.0,40.0,1036.0,0.0,0.0,312540143.0,312541179.0,146.575541,147.070751,11.958971,97.41539,109.37436100000001,3672596.0,40.0,1036.0,1940865.0,306985616.0,5554527.0,312541179.0,108.741244,112.36407,1.4417535235586996,1.0727734181431923,1.0002692587159434,1.3443115795666225,1.4421417282611597,1.061645054045295,1.1040105823902016,1.0658514382934428,1.1056336607254613
netcard_d40,1,11.817073,136.72842,148.57445,2471298.0,0.0,0.0,0.0,0.0,312541179.0,312541179.0,148.262269,149.44056999999998,11.881199,87.215506,99.096705,2471298.0,0.0,0.0,1940866.0,306987950.0,5553229.0,312541179.0,99.08701199999999,99.37489099999999,11.889888,126.059187,137.949075,2471298.0,40.0,1036.0,0.0,0.0,312540143.0,312541179.0,136.910141,138.753266,11.824479,87.13295,98.924594,2471298.0,40.0,1036.0,1940869.0,306988040.0,5552103.0,312541179.0,98.897395,101.500219,1.4992874889230678,1.077023894505998,1.001739820130068,1.3944871484638086,1.5018959794770552,1.061645054045295,1.1040105823902016,1.0658514382934428,1.1056336607254613
netcard_d50,0,14.703476,127.778267,142.470798,2864158.0,0.0,0.0,0.0,0.0,252217451.0,252217451.0,141.368642,142.528155,14.735998,101.519856,116.297711,2864158.0,0.0,0.0,1987155.0,248784724.0,3432727.0,252217451.0,115.691851,116.32857299999999,14.708588,138.169797,152.884121,2864158.0,46.0,1232.0,0.0,0.0,252216219.0,252217451.0,151.058277,152.89450799999997,14.656085,101.956218,116.68865500000001,2864158.0,46.0,1232.0,1987157.0,248784414.0,3431805.0,252217451.0,116.057079,117.889401,1.2250524690034525,0.9318874783601628,0.9966496828676275,1.3101883897796232,1.220948154728495,1.0624470545895395,1.0673901058497361,1.0385947167822842,1.0686436787335627
netcard_d50,1,14.704105,119.36853,134.096845,1906498.0,0.0,0.0,0.0,0.0,252217451.0,252217451.0,134.03257200000002,134.097939,14.676947,94.22012,108.955208,1906498.0,0.0,0.0,1987159.0,248784772.0,3432679.0,252217451.0,108.859411,108.995218,14.683398,132.51947,147.20286800000002,1906498.0,46.0,1232.0,0.0,0.0,252216219.0,252217451.0,145.63827799999999,147.392075,14.688719,94.496416,109.19323,1906498.0,46.0,1232.0,1987154.0,248783978.0,3432241.0,252217451.0,108.616423,109.65415800000001,1.2307520444548186,0.9109662523694849,0.9978201762142214,1.3480951886852328,1.2280692218739202,1.0624470545895395,1.0673901058497361,1.0385947167822842,1.0686436787335627
netcard_base_x8,0,3.207096,6.945135,10.167717,2235631.0,0.0,0.0,0.0,0.0,904064.0,904064.0,10.035715,10.219567,3.21571,6.91105,10.136369,2235631.0,0.0,0.0,115.0,1835.0,902229.0,904064.0,9.988929,10.15038,3.237507,6.946811,10.184318000000001,2235631.0,1107.0,8871.0,0.0,0.0,895193.0,904064.0,10.138174,10.235777,3.222049,6.870386,10.098206,2235631.0,1107.0,8871.0,115.0,1835.0,893358.0,904064.0,10.068083000000001,10.132286,1.0030926261662336,0.9983699448505043,1.0037791861247434,1.0085274552727486,1.0068834999008736,0.8917655247429285,0.890589415006149,0.8854468093393639,0.8862283468457435
netcard_base_x8,1,3.217551,8.187786,11.401782999999998,1685484.0,0.0,0.0,0.0,0.0,904064.0,904064.0,11.311881,11.446341,3.225598,8.15422,11.381641,1685484.0,0.0,0.0,115.0,1835.0,902229.0,904064.0,11.336726,11.420292,3.214982,8.286915,11.501897,1685484.0,1107.0,8871.0,0.0,0.0,895193.0,904064.0,11.4493,11.550241,3.205264,8.169744,11.394587,1685484.0,1107.0,8871.0,115.0,1835.0,893358.0,904064.0,11.375008,11.559755,1.0017696920857018,0.9912958705855216,0.9988638464913209,1.009417629616589,1.00063152793515,0.8917655247429285,0.890589415006149,0.8854468093393639,0.8862283468457435
netcard_base_x16,0,7.345777,14.616367,21.914423,17632314.0,0.0,0.0,0.0,0.0,2737041.0,2737041.0,21.879839,22.059455,7.347102,14.72398,22.071081999999997,17632314.0,0.0,0.0,115.0,1835.0,2735206.0,2737041.0,22.02818,22.18056,7.402593,14.657441,22.075435,17632314.0,553.0,3850.0,0.0,0.0,2733191.0,2737041.0,22.010055,22.425186,7.345367,14.877935,22.223302,17632314.0,553.0,3850.0,115.0,1835.0,2731356.0,2737041.0,22.189393,22.262933,0.9929020697761896,0.9927062818920669,0.9931504328204691,0.9933463083028795,0.9861011203465623,1.2061214905357285,1.2045063026918383,1.212824902246591,1.211130675370979
netcard_base_x16,1,7.351562,10.838025,18.169333,3586124.0,0.0,0.0,0.0,0.0,2737041.0,2737041.0,18.135014,18.550752,7.350541,10.985248,18.323758,3586124.0,0.0,0.0,115.0,1835.0,2735206.0,2737041.0,18.247646,18.335789,7.342292,10.859375,18.201667,3586124.0,553.0,3850.0,0.0,0.0,2733191.0,2737041.0,18.161498,18.294774,7.347887,11.008065,18.349219,3586124.0,553.0,3850.0,115.0,1835.0,2731356.0,2737041.0,18.338851,18.415304,0.991572416531587,0.9982235693027458,0.9986124205068346,0.9919586768243378,0.9901965309804194,1.2061214905357285,1.2045063026918383,1.212824902246591,1.211130675370979
leon2_base,0,0.609957,8.959124,9.573257,3897584.0,0.0,0.0,0.0,0.0,798318.0,798318.0,9.482731,9.72113,0.607362,8.901135,9.508497,3897584.0,0.0,0.0,0.0,0.0,798318.0,798318.0,9.470382,9.645314,0.604849,8.413218,9.025496,3897584.0,51972.0,757478.0,0.0,0.0,40840.0,798318.0,8.973811,9.148583,0.612568,8.455244,9.106027000000001,3897584.0,51972.0,757478.0,0.0,0.0,40840.0,798318.0,9.040253,9.197033,1.0068107504266972,1.0606904041617213,1.0441981997198118,0.9911562968130887,1.05130997305411,0.9934299237176712,0.9685113766127731,0.9823854098150636,0.9922449087668055
leon2_base,1,0.620141,9.022479,9.63657,1852937.0,0.0,0.0,0.0,0.0,798318.0,798318.0,9.632779000000001,9.848869,0.605842,9.211799,9.817640999999998,1852937.0,0.0,0.0,0.0,0.0,798318.0,798318.0,9.813077,9.952273,0.614156,8.583659,9.187327000000002,1852937.0,51972.0,757478.0,0.0,0.0,40840.0,798318.0,9.157397,9.478869000000001,0.61066,8.561881,9.177197,1852937.0,51972.0,757478.0,0.0,0.0,40840.0,798318.0,9.15557,9.19727,0.9815565674075882,1.0488981180271475,1.0697864500456946,1.0011038228775084,1.0500559157660014,0.9934299237176712,0.9685113766127731,0.9823854098150636,0.9922449087668055
leon2_d10,0,4.003764,38.530115,42.533879,1995500.0,0.0,0.0,0.0,0.0,77818024.0,77818024.0,42.396417,42.731711000000004,3.999546,35.639992,39.645528,1995500.0,0.0,0.0,302369.0,53237588.0,24580436.0,77818024.0,39.325516,40.455490000000005,4.021329,34.530738,38.552067,1995500.0,591905.0,9460390.0,0.0,0.0,68357634.0,77818024.0,38.410873,38.579283000000004,4.00752,30.9185,34.951281,1995500.0,591905.0,9460390.0,302286.0,53242825.0,15114809.0,77818024.0,34.789246999999996,35.005818,1.0728543960872459,1.103284008092225,1.1343082961680289,1.1030230050795562,1.2169476420621035,1.0001928246695366,1.0087845144364571,0.999196720011321,1.00427425871329
leon2_d10,1,3.997161,38.513637,42.525679000000004,1670325.0,0.0,0.0,0.0,0.0,77818024.0,77818024.0,42.44017,42.74227,3.977805,35.322489,39.300293999999994,1670325.0,0.0,0.0,302376.0,53243897.0,24574127.0,77818024.0,39.297886999999996,39.377826999999996,3.993608,34.602784,38.58306,1670325.0,591905.0,9460390.0,0.0,0.0,68357634.0,77818024.0,38.315777,38.851696000000004,4.028132,30.774394,34.802526,1670325.0,591905.0,9460390.0,302291.0,53240581.0,15117053.0,77818024.0,34.608622,34.908997,1.0820702511792917,1.1021852336232534,1.1292368260855545,1.1086281495774186,1.2219135760433022,1.0001928246695366,1.0087845144364571,0.999196720011321,1.00427425871329
leon2_d20,0,6.66329,80.138393,86.801683,1551252.0,0.0,0.0,0.0,0.0,216221818.0,216221818.0,86.474835,86.962317,6.658771,53.759296,60.414539,1551252.0,0.0,0.0,831335.0,177566871.0,38654947.0,216221818.0,60.180884,61.040649,6.678073,63.228442,69.925375,1551252.0,791403.0,20397316.0,0.0,0.0,195824502.0,216221818.0,69.726471,70.26612,6.70644,45.666455,52.34137,1551252.0,791403.0,20397316.0,831369.0,177588781.0,18235721.0,216221818.0,52.282341,52.451685,1.4367681097425902,1.2413474078615951,1.1542406895348747,1.3359485049779936,1.6583762136910059,0.9987052290881248,0.9862207351067779,0.9948058679303523,0.9809428998413233
leon2_d20,1,6.655695,80.243323,86.91421700000001,1460343.0,0.0,0.0,0.0,0.0,216221818.0,216221818.0,86.669906,86.939713,6.658905,54.599733,61.258638,1460343.0,0.0,0.0,831321.0,177555589.0,38666229.0,216221818.0,61.037811,61.785472,6.687962,63.590085,70.290473,1460343.0,791403.0,20397316.0,0.0,0.0,195824502.0,216221818.0,70.096042,70.41536,6.706011,46.630149,53.358223,1460343.0,791403.0,20397316.0,831337.0,177586719.0,18237783.0,216221818.0,52.975080000000005,54.549363,1.4188075320904132,1.2365006705816306,1.1480636827054753,1.3173315947946769,1.6288814003419867,0.9987052290881248,0.9862207351067779,0.9948058679303523,0.9809428998413233
leon2_d30,0,9.533567,865.142877,874.790527,81543398.0,0.0,0.0,0.0,0.0,85917309.0,85917309.0,874.676444,875.1398350000001,9.552114,861.856155,871.371909,81543398.0,0.0,0.0,524483.0,47099678.0,38817631.0,85917309.0,869.144433,871.8922319999999,9.57206,848.394084,857.966144,81543398.0,720304.0,18221529.0,0.0,0.0,67695780.0,85917309.0,857.477841,858.189394,9.595483,846.972566,856.568049,81543398.0,720304.0,18221529.0,524527.0,47094774.0,20601006.0,85917309.0,854.451682,856.609889,1.0039232593622662,1.0196096117750773,1.0172827599830307,1.0016322054057845,1.0212738240952062,7.1186803135557115,7.343179789690753,8.144403272239007,8.305777914762396
leon2_d30,1,9.603966,113.306222,122.886615,5765395.0,0.0,0.0,0.0,0.0,85917309.0,85917309.0,122.82538,122.971802,9.566101,109.098011,118.664112,5765395.0,0.0,0.0,524494.0,47103202.0,38814107.0,85917309.0,118.57855599999999,119.250346,9.605194,95.731608,105.34426099999999,5765395.0,720304.0,18221529.0,0.0,0.0,67695780.0,85917309.0,105.12098700000001,105.38745,9.528018,93.617136,103.129178,5765395.0,720304.0,18221529.0,524493.0,47091951.0,20603829.0,85917309.0,103.04009,103.379188,1.0355836564975938,1.1665240596258017,1.1506356813975576,1.0214787225396094,1.191579506238283,7.1186803135557115,7.343179789690753,8.144403272239007,8.305777914762396
leon2_d40,0,12.462848,64.86305,77.325898,2029631.0,0.0,0.0,0.0,0.0,101030374.0,101030374.0,77.03515800000001,77.45745000000001,12.445194,64.016811,76.463378,2029631.0,0.0,0.0,342894.0,30242394.0,70787980.0,101030374.0,76.223715,76.506538,12.432339,39.731612,52.184475,2029631.0,2504685.0,64181509.0,0.0,0.0,36848865.0,101030374.0,52.087294,52.381451999999996,12.437378,39.11894,51.616988000000006,2029631.0,2504685.0,64181509.0,342928.0,30249271.0,6599594.0,101030374.0,51.499354000000004,51.808467,1.0112801712736257,1.4817797438797649,1.4813607101599962,1.0109941905172768,1.4980707126886208,1.050996060859502,1.0481590966676924,1.0600829621532863,1.0704757142337489
leon2_d40,1,12.459141,61.114777,73.57391799999999,1583854.0,0.0,0.0,0.0,0.0,101030374.0,101030374.0,73.265144,73.687554,12.43607,60.506752,72.950164,1583854.0,0.0,0.0,342902.0,30243949.0,70786425.0,101030374.0,72.873971,73.052426,12.408039,36.829786,49.226783999999995,1583854.0,2504685.0,64181509.0,0.0,0.0,36848865.0,101030374.0,48.680641,49.494561000000004,12.46476,35.753978,48.218737999999995,1583854.0,2504685.0,64181509.0,342917.0,30245866.0,6602999.0,101030374.0,48.157018,48.335148000000004,1.0085504125802924,1.4945911965323593,1.512900731661621,1.0209056902318763,1.525836657110354,1.050996060859502,1.0481590966676924,1.0600829621532863,1.0704757142337489
leon2_d50,0,15.553888,110.984031,126.537919,2787358.0,0.0,0.0,0.0,0.0,167635116.0,167635116.0,125.976961,127.78787799999999,15.56432,105.801649,121.35828,2787358.0,0.0,0.0,1522572.0,149321501.0,18313615.0,167635116.0,120.93099099999999,122.70964,15.599575,114.368753,129.867452,2787358.0,490.0,13803.0,0.0,0.0,167621313.0,167635116.0,129.473613,130.099454,15.615303,103.59188,119.17797,2787358.0,490.0,13803.0,1522628.0,149341775.0,18279538.0,167635116.0,118.941726,119.28834,1.0426805571074345,0.9743620672560821,1.0182945723945456,1.0896934391481914,1.0617559520438216,1.066501661014736,1.0565601023582352,1.0579866684872834,1.063995861219508
leon2_d50,1,15.600481,103.051813,118.64765299999999,2045352.0,0.0,0.0,0.0,0.0,167635116.0,167635116.0,118.588143,118.955276,15.601028,99.319185,114.86169100000001,2045352.0,0.0,0.0,1522613.0,149351212.0,18283904.0,167635116.0,114.799321,115.53900300000001,15.618282,107.196769,122.749611,2045352.0,490.0,13803.0,0.0,0.0,167621313.0,167635116.0,122.206378,123.514028,15.587054,96.422752,112.009806,2045352.0,490.0,13803.0,1522568.0,149307581.0,18313732.0,167635116.0,111.918414,112.66529,1.032961050521187,0.9665827209831238,1.0254610297244868,1.0958827211967495,1.0592613025327442,1.066501661014736,1.0565601023582352,1.0579866684872834,1.063995861219508
leon2_base_x8,0,3.099505,13.190102,16.280849,10808122.0,0.0,0.0,0.0,0.0,1057726.0,1057726.0,16.280343,16.340321,3.136027,13.512892,16.609809000000002,10808122.0,0.0,0.0,39.0,614.0,1057112.0,1057726.0,16.532055,16.987220999999998,3.100109,13.345947,16.449373,10808122.0,42192.0,268366.0,0.0,0.0,789360.0,1057726.0,16.414527,16.485028,3.108159,13.496553,16.623721,10808122.0,42192.0,268366.0,39.0,614.0,788746.0,1057726.0,16.598986,16.649979000000002,0.980194835473424,0.9897549894454942,0.9991631235870719,0.9895120953966926,0.9793745335355424,1.2508275544477276,1.2679761349032197,1.2509416070900448,1.2397071962914354
leon2_base_x8,1,3.089293,9.936571,13.016062000000002,1771342.0,0.0,0.0,0.0,0.0,1057726.0,1057726.0,12.85376,13.057466,3.096694,9.994886,13.099464999999999,1771342.0,0.0,0.0,39.0,614.0,1057112.0,1057726.0,13.060220999999999,13.165631,3.105894,10.042436,13.149593,1771342.0,42192.0,268366.0,0.0,0.0,789360.0,1057726.0,13.067421,13.190868000000002,3.093761,10.310208,13.409393,1771342.0,42192.0,268366.0,39.0,614.0,788746.0,1057726.0,13.264172,13.40946,0.9936330987563234,0.9898452370350932,0.9768872461266516,0.9806255212297827,0.9706675015043561,1.2508275544477276,1.2679761349032197,1.2509416070900448,1.2397071962914354
leon2_base_x16,0,6.513177,9.443238,15.956415,1182354.0,0.0,0.0,0.0,0.0,1435809.0,1435809.0,15.943714,16.171733,6.531148,9.698891,16.218601,1182354.0,0.0,0.0,39.0,614.0,1435195.0,1435809.0,16.03389,16.269042,6.524365,9.714162,16.240645,1182354.0,52560.0,376077.0,0.0,0.0,1059732.0,1435809.0,16.235456,16.356051,6.510334,9.843723,16.384938000000002,1182354.0,52560.0,376077.0,39.0,614.0,1059118.0,1435809.0,16.279763000000003,16.50009,0.9838342406968394,0.9824988477982247,0.9898481764166577,0.9911935583766016,0.9738465290500335,0.9096662120354215,0.9203094231414911,0.9109448254106718,0.91882677293582
leon2_base_x16,1,6.511797,11.036559,17.540956,1178994.0,0.0,0.0,0.0,0.0,1435809.0,1435809.0,17.473145,17.720485,6.514576,11.112726,17.622987000000002,1178994.0,0.0,0.0,39.0,614.0,1435195.0,1435809.0,17.606178,17.648224,6.509847,11.270309,17.828352,1178994.0,52560.0,376077.0,0.0,0.0,1059732.0,1435809.0,17.650269,17.831720999999998,6.523268,11.304796,17.832456,1178994.0,52560.0,376077.0,39.0,614.0,1059118.0,1435809.0,17.80668,17.930352,0.9953452272307753,0.9838798336492348,0.988253496882314,0.9997698578367443,0.9836534014159352,0.9096662120354215,0.9203094231414911,0.9109448254106718,0.91882677293582
leon3mp_base,0,0.635557,11.086823,11.726532,3898207.0,0.0,0.0,0.0,0.0,751392.0,751392.0,11.698171,11.728511000000001,0.637859,11.076516,11.714375,3898207.0,0.0,0.0,0.0,0.0,751392.0,751392.0,11.690246,11.792155000000001,0.635553,10.708024,11.343297,3898207.0,34544.0,671465.0,0.0,0.0,79927.0,751392.0,11.259172,11.540970999999999,0.653014,10.530822,11.183836000000001,3898207.0,34544.0,671465.0,0.0,0.0,79927.0,751392.0,11.113576,11.272725,1.0010377847729819,1.0337851508251967,1.0474380167949529,1.0142581668758375,1.048525032019425,1.0232094668496832,1.018130733918043,1.0270919535161382,1.0186887123463804
leon3mp_base,1,0.635492,10.788151,11.460538999999999,1946414.0,0.0,0.0,0.0,0.0,751392.0,751392.0,11.361463,11.509246999999998,0.644281,10.835692,11.505767,1946414.0,0.0,0.0,0.0,0.0,751392.0,751392.0,11.353126999999999,11.510337999999999,0.643424,10.40765,11.044091,1946414.0,34544.0,671465.0,0.0,0.0,79927.0,751392.0,11.041272000000001,11.095297,0.635994,10.335694,10.978659,1946414.0,34544.0,671465.0,0.0,0.0,79927.0,751392.0,10.94143,11.006971,0.9960691016948282,1.037707766080522,1.0480120568459226,1.00595992643546,1.0438924280278674,1.0232094668496832,1.018130733918043,1.0270919535161382,1.0186887123463804
leon3mp_d10,0,3.227613,68.865605,72.09321800000001,18335880.0,0.0,0.0,0.0,0.0,158367092.0,158367092.0,72.03167400000001,72.199885,3.235206,68.871896,72.10710200000001,18335880.0,0.0,0.0,0.0,0.0,158367092.0,158367092.0,72.018614,73.081553,3.223994,31.753859,34.970906,18335880.0,9391941.0,157973388.0,0.0,0.0,393704.0,158367092.0,34.956274,35.054766,3.228907,31.98994,35.207913,18335880.0,9391941.0,157973388.0,0.0,0.0,393704.0,158367092.0,34.918931,35.264590999999996,0.9998074530855504,2.0615198816982323,2.048036814905786,0.9932683598712597,2.047642471736397,1.2044864373596604,1.2062020648814584,1.4760437177880903,1.4825827052055465
leon3mp_d10,1,3.220612,56.6334,59.853906,6503347.0,0.0,0.0,0.0,0.0,158367092.0,158367092.0,59.847363,59.876306,3.246297,56.533987,59.780284,6503347.0,0.0,0.0,0.0,0.0,158367092.0,158367092.0,59.689772,59.849789,3.22408,20.468244,23.692324,6503347.0,9391941.0,157973388.0,0.0,0.0,393704.0,158367092.0,23.658544,23.877646000000002,3.218553,20.529136,23.747689,6503347.0,9391941.0,157973388.0,0.0,0.0,393704.0,158367092.0,23.589905,23.807991,1.0012315431622907,2.5262994883912615,2.517309536940626,0.9976686152492564,2.5204097122882145,1.2044864373596604,1.2062020648814584,1.4760437177880903,1.4825827052055465
leon3mp_d20,0,5.374076,82.961288,88.335364,9073472.0,0.0,0.0,0.0,0.0,270639744.0,270639744.0,88.165268,88.822215,5.387613,82.75027,88.137883,9073472.0,0.0,0.0,0.0,0.0,270639744.0,270639744.0,88.053413,88.65364199999999,5.384958,27.670604,33.058834000000004,9073472.0,10901033.0,268800102.0,0.0,0.0,1839642.0,270639744.0,32.879507,33.253951,5.385153,27.620857,32.989764,9073472.0,10901033.0,268800102.0,0.0,0.0,1839642.0,270639744.0,32.840217,33.075985,1.0022405915966917,2.672065324506,2.6716736439824182,1.002093679724414,2.677659773498228,1.0691701780030596,1.0662053969555416,1.2055653719364168,1.2009852445220173
leon3mp_d20,1,5.376624,77.207286,82.62048999999999,4262236.0,0.0,0.0,0.0,0.0,270639744.0,270639744.0,82.233666,82.71622199999999,5.425149,77.239864,82.665013,4262236.0,0.0,0.0,0.0,0.0,270639744.0,270639744.0,82.53995099999999,82.90740299999999,5.378412,22.043439,27.421851,4262236.0,10901033.0,268800102.0,0.0,0.0,1839642.0,270639744.0,27.419708,27.479695999999997,5.385162,22.083755,27.468917,4262236.0,10901033.0,268800102.0,0.0,0.0,1839642.0,270639744.0,27.40515,27.547844,0.9994614045484997,3.0129435828383717,3.0094019724184977,0.9982865724192912,3.007781122204417,1.0691701780030596,1.0662053969555416,1.2055653719364168,1.2009852445220173
leon3mp_d30,0,7.771747,51.633982,59.404878000000004,3491491.0,0.0,0.0,0.0,0.0,101064092.0,101064092.0,59.278116,59.721451,7.811724,51.664468,59.508741,3491491.0,0.0,0.0,0.0,0.0,101064092.0,101064092.0,59.438210999999995,59.636523,7.810622,24.381919,32.17236,3491491.0,3728942.0,100302593.0,0.0,0.0,761499.0,101064092.0,31.982548,32.343919,7.789508,24.28304,32.071117,3491491.0,3728942.0,100302593.0,0.0,0.0,761499.0,101064092.0,32.046718999999996,32.115579,0.9982546597650251,1.8464569587061692,1.8555244271660385,1.003156827995732,1.852285905726327,1.0627720569217625,1.0672090125636526,1.1115891826293434,1.1078874869071225
leon3mp_d30,1,7.765363,48.14097,55.896161000000006,1950593.0,0.0,0.0,0.0,0.0,101064092.0,101064092.0,55.705459,56.047022999999996,7.77464,47.995773,55.761093,1950593.0,0.0,0.0,0.0,0.0,101064092.0,101064092.0,55.729963,55.909248,7.801805,21.156636,28.942670999999997,1950593.0,3728942.0,100302593.0,0.0,0.0,761499.0,101064092.0,28.566558999999998,29.134942,7.807915,21.169652,28.947991000000002,1950593.0,3728942.0,100302593.0,0.0,0.0,761499.0,101064092.0,28.839605000000002,28.987251,1.0024222624187085,1.931271685325795,1.9262508752334488,0.9998162221343787,1.930916760337531,1.0627720569217625,1.0672090125636526,1.1115891826293434,1.1078874869071225
leon3mp_d40,0,10.330737,75.998835,86.315429,1913577.0,0.0,0.0,0.0,0.0,155480298.0,155480298.0,86.008403,88.87194299999999,10.424762,62.39144,72.870881,1913577.0,0.0,0.0,1319519.0,130953159.0,24527139.0,155480298.0,72.456507,73.047187,10.326609,57.520076,67.863157,1913577.0,477274.0,12569594.0,0.0,0.0,142910704.0,155480298.0,67.753702,68.018792,10.319095,48.302514,58.579874000000004,1913577.0,477274.0,12569594.0,1319231.0,130865751.0,12044953.0,155480298.0,58.561133999999996,59.121133,1.1844982222734484,1.2719041202283,1.2439576261294107,1.158472225460915,1.473465596733786,0.9780149362981355,1.0165554381717379,0.9893480916325222,1.0118521338501196
leon3mp_d40,1,10.372735,77.874876,88.255737,1663113.0,0.0,0.0,0.0,0.0,155480298.0,155480298.0,88.227828,89.53831500000001,10.35137,61.364179,71.684119,1663113.0,0.0,0.0,1319508.0,130948873.0,24531425.0,155480298.0,71.50064,72.05437,10.338861,58.220446,68.593812,1663113.0,477274.0,12569594.0,0.0,0.0,142910704.0,155480298.0,68.442043,68.939746,10.321645,47.572065,57.89371,1663113.0,477274.0,12569594.0,1319220.0,130862723.0,12047981.0,155480298.0,57.712281000000004,58.466770999999994,1.231175582976754,1.2866428388613247,1.2382021984771747,1.1848232217282326,1.524444313553234,0.9780149362981355,1.0165554381717379,0.9893480916325222,1.0118521338501196
leon3mp_d50,0,13.024654,83.057515,96.094493,1078487.0,0.0,0.0,0.0,0.0,190732099.0,190732099.0,96.00343,96.27610800000001,13.028635,72.115026,85.098863,1078487.0,0.0,0.0,1397605.0,181779602.0,8952497.0,190732099.0,84.914919,85.26941599999999,12.987951,87.016618,100.05332299999999,1078487.0,85.0,2283.0,0.0,0.0,190729816.0,190732099.0,99.92391599999999,100.91784799999999,12.984895,71.26859,84.253485,1078487.0,85.0,2283.0,1397606.0,181777938.0,8951878.0,190732099.0,84.0494,84.44759499999999,1.1292100694694358,0.9604327984188992,1.0100337451916677,1.1875274120708479,1.1405402755743577,0.9485438760442502,0.9812966736907767,0.9118035312280742,0.9779947060231209
leon3mp_d50,1,13.021936,88.285442,101.307378,1078031.0,0.0,0.0,0.0,0.0,190732099.0,190732099.0,101.101147,101.821558,12.953374,73.729565,86.720831,1078031.0,0.0,0.0,1397595.0,181778419.0,8953680.0,190732099.0,86.19859699999999,86.77900799999999,12.999619,96.768771,109.73123,1078031.0,85.0,2283.0,0.0,0.0,190729816.0,190732099.0,109.32801799999999,109.981494,12.995843,73.216695,86.149224,1078031.0,85.0,2283.0,1397615.0,181779602.0,8950214.0,190732099.0,85.715428,86.215507,1.1682011903230032,0.9232319550231962,1.006635080079189,1.2737343983504714,1.1759522987694004,0.9485438760442502,0.9812966736907767,0.9118035312280742,0.9779947060231209
leon3mp_base_x8,0,2.734724,8.292747,11.024505000000001,3416102.0,0.0,0.0,0.0,0.0,568538.0,568538.0,10.999203,11.151504,2.734799,8.424431,11.15923,3416102.0,0.0,0.0,16.0,253.0,568285.0,568538.0,11.062807000000001,11.316847000000001,2.739677,8.544869,11.284546,3416102.0,10330.0,48039.0,0.0,0.0,520499.0,568538.0,11.232531000000002,11.489685000000001,2.746592,8.665372,11.430938,3416102.0,10330.0,48039.0,16.0,253.0,520246.0,568538.0,11.365143999999999,11.462002,0.9879270343921579,0.9769560069142348,0.9762304720749952,0.9871933519366478,0.9644444751603064,0.9425114042588555,0.9606239252493491,0.9527502959259315,0.9616078244058078
leon3mp_base_x8,1,2.729252,8.903348,11.696945999999999,2108690.0,0.0,0.0,0.0,0.0,568538.0,568538.0,11.483211999999998,11.714596,2.742739,8.873909,11.616648,2108690.0,0.0,0.0,16.0,253.0,568285.0,568538.0,11.553586,11.888397,2.740259,9.124802,11.844180000000001,2108690.0,10330.0,48039.0,0.0,0.0,520499.0,568538.0,11.723902,11.951806,2.744144,9.142961,11.887318,2108690.0,10330.0,48039.0,16.0,253.0,520246.0,568538.0,11.861278,12.36794,1.006912321006886,0.987569084563051,0.9772303559137561,0.996371090602607,0.9839852858315054,0.9425114042588555,0.9606239252493491,0.9527502959259315,0.9616078244058078
leon3mp_base_x16,0,5.79874,21.059044,26.857784,32215553.0,0.0,0.0,0.0,0.0,4905832.0,4905832.0,26.820614999999997,27.037456,5.79404,21.485498,27.278138,32215553.0,0.0,0.0,16.0,253.0,4905579.0,4905832.0,27.270868,27.286134,5.797428,21.246739,27.050545,32215553.0,134044.0,607407.0,0.0,0.0,4298425.0,4905832.0,26.966578,27.079898,5.804696,21.517819,27.326207999999998,32215553.0,134044.0,607407.0,16.0,253.0,4298172.0,4905832.0,27.247984,27.32967,0.9845900772259456,0.9928740437577135,0.9982408828916182,0.9899121385594373,0.9828580679763544,1.5489184300860535,1.5799680891848609,1.5538537928289913,1.5760570347663676
leon3mp_base_x16,1,5.797042,11.54266,17.339702,3397905.0,0.0,0.0,0.0,0.0,4905832.0,4905832.0,17.156723,17.517223,5.821586,11.447161,17.264993,3397905.0,0.0,0.0,16.0,253.0,4905579.0,4905832.0,17.248779,17.409916,5.802656,11.571527,17.408681,3397905.0,134044.0,607407.0,0.0,0.0,4298425.0,4905832.0,17.208242,17.435925,5.800719,11.555453,17.338337,3397905.0,134044.0,607407.0,16.0,253.0,4298172.0,4905832.0,17.280979,17.493185,1.0043271954990076,0.9960376664952386,0.9957698365189235,1.004057136506229,1.0000787272735556,1.5489184300860535,1.5799680891848609,1.5538537928289913,1.5760570347663676
des_perf_base,0,0.398363,26.467259,26.865622,1045966.0,0.0,0.0,0.0,0.0,109669.0,109669.0,26.77338,27.061287,0.39424,26.359072,26.745388000000002,1045966.0,0.0,0.0,0.0,0.0,109669.0,109669.0,26.671857,26.959361,0.389556,27.342446,27.732001999999998,1045966.0,4029.0,25890.0,0.0,0.0,83779.0,109669.0,27.344128,28.262665,0.38927,27.113949,27.503219,1045966.0,4029.0,25890.0,0.0,0.0,83779.0,109669.0,27.46851,27.916682,1.0044955040472772,0.9687588368124307,0.9724457344429392,1.0083184081107013,0.9768173681778848,0.9393439464679003,0.9515801284488231,0.9601466463595134,0.9476619007149186
des_perf_base,1,0.393842,28.176705,28.600409999999997,1016087.0,0.0,0.0,0.0,0.0,109669.0,109669.0,28.349897,28.923939,0.388472,27.711449,28.106291000000002,1016087.0,0.0,0.0,0.0,0.0,109669.0,109669.0,28.067116,28.183042,0.391701,28.493347,28.88309,1016087.0,4029.0,25890.0,0.0,0.0,83779.0,109669.0,28.813353000000003,29.231603,0.388911,28.633274,29.022185,1016087.0,4029.0,25890.0,0.0,0.0,83779.0,109669.0,28.873478,29.072366000000002,1.017580370174065,0.9902129585165576,0.9684415904591609,0.9952072871150122,0.9854671521113932,0.9393439464679003,0.9515801284488231,0.9601466463595134,0.9476619007149186
des_perf_d10,0,0.593448,39.970533,40.549203000000006,13820327.0,0.0,0.0,0.0,0.0,51662868.0,51662868.0,40.255543,40.862598,0.608519,39.635782,40.230162,13820327.0,0.0,0.0,22.0,345.0,51662523.0,51662868.0,40.217582,41.400528,0.586429,26.554573,27.141002,13820327.0,3082900.0,51625075.0,0.0,0.0,37793.0,51662868.0,27.126687,27.435239,0.588261,27.082077,27.669572000000002,13820327.0,3082900.0,51625075.0,22.0,345.0,37448.0,51662868.0,27.61373,27.704267,1.0079303931214596,1.4940201176065646,1.4539495587427227,0.9808970662791603,1.4654799503223253,1.5016278447195193,1.4880766810260742,1.872373806388519,1.845578147803281
des_perf_d10,1,0.58597,26.417527,27.003497,3780932.0,0.0,0.0,0.0,0.0,51662868.0,51662868.0,26.998575,27.095994,0.58525,26.447224,27.035006,3780932.0,0.0,0.0,22.0,345.0,51662523.0,51662868.0,26.988296,27.037402,0.58272,13.906163,14.495503999999999,3780932.0,3082900.0,51625075.0,0.0,0.0,37793.0,51662868.0,14.456287,14.61181,0.600655,14.369516,14.992360000000001,3780932.0,3082900.0,51625075.0,22.0,345.0,37448.0,51662868.0,14.626682,15.587851,0.9988345110779705,1.8628877616121524,1.8032521897819953,0.9668593870478028,1.8011505193311792,1.5016278447195193,1.4880766810260742,1.872373806388519,1.845578147803281
des_perf_d20,0,0.807279,19.556128,20.363407000000002,1222410.0,0.0,0.0,0.0,0.0,26893042.0,26893042.0,20.31296,20.508373,0.807162,19.449561,20.255118,1222410.0,0.0,0.0,22.0,349.0,26892693.0,26893042.0,20.251792,20.401525000000003,0.816236,11.133276,11.949512,1222410.0,1168599.0,26736993.0,0.0,0.0,156049.0,26893042.0,11.737897,12.414487,0.808892,11.090696,11.940669,1222410.0,1168599.0,26736993.0,22.0,349.0,155700.0,26893042.0,11.86394,11.974288,1.0053462537221458,1.704120385836677,1.6963134980125485,1.000740578270782,1.7053824203652244,0.9061108105585008,0.9006596231685213,0.921916501197113,0.8997318587599586
des_perf_d20,1,0.804894,21.668975,22.473418,1193177.0,0.0,0.0,0.0,0.0,26893042.0,26893042.0,22.438763,23.155285,0.828688,21.652654,22.489203999999997,1193177.0,0.0,0.0,22.0,349.0,26892693.0,26893042.0,22.420324,22.584716,0.807389,12.15421,12.961599000000001,1193177.0,1168599.0,26736993.0,0.0,0.0,156049.0,26893042.0,12.914877,12.99269,0.806742,12.467775,13.271364,1193177.0,1168599.0,26736993.0,22.0,349.0,155700.0,26893042.0,13.183375,13.432623,0.9992980631951225,1.7338461095733633,1.694566135025759,0.9766591437021848,1.6933766566872854,0.9061108105585008,0.9006596231685213,0.921916501197113,0.8997318587599586
des_perf_d30,0,1.144036,47.425884,48.564176,1034196.0,0.0,0.0,0.0,0.0,243025390.0,243025390.0,48.542758000000006,48.812853000000004,1.119511,47.416597,48.524907000000006,1034196.0,0.0,0.0,28.0,443.0,243024947.0,243025390.0,48.472370000000005,48.77563,1.124817,12.940332,14.065149,1034196.0,9468632.0,242565066.0,0.0,0.0,460324.0,243025390.0,13.964618,14.173496,1.131327,13.145725,14.262484,1034196.0,9468632.0,242565066.0,28.0,443.0,459881.0,243025390.0,14.181353999999999,14.31802,1.0008092545133573,3.452802099714692,3.4022759990475717,0.9861640510867531,3.4050293062554884,0.833182474964685,0.8342071881686727,0.9388309865811002,0.942796871781597
des_perf_d30,1,1.127584,57.158368,58.287563000000006,1032704.0,0.0,0.0,0.0,0.0,243025390.0,243025390.0,58.167206,58.539063999999996,1.122202,57.045165,58.168890999999995,1032704.0,0.0,0.0,28.0,443.0,243024947.0,243025390.0,58.080942,58.376616,1.119308,13.852986,14.981556,1032704.0,9468632.0,242565066.0,0.0,0.0,460324.0,243025390.0,14.788097,15.109062,1.141473,13.954919,15.127844,1032704.0,9468632.0,242565066.0,28.0,443.0,459881.0,243025390.0,14.944457,16.046525,1.0020401282878164,3.8906214414577502,3.845154074830491,0.9903298844171053,3.8529986824295657,0.833182474964685,0.8342071881686727,0.9388309865811002,0.942796871781597
des_perf_d40,0,1.599843,94.493688,96.09807500000001,1092966.0,0.0,0.0,0.0,0.0,329855851.0,329855851.0,95.880767,96.105783,1.622592,70.200383,71.838888,1092966.0,0.0,0.0,1258393.0,316476030.0,13379821.0,329855851.0,71.612157,72.902789,1.60439,95.905492,97.49904099999999,1092966.0,120.0,3313.0,0.0,0.0,329852538.0,329855851.0,96.940006,97.95864,1.624784,70.151557,71.802359,1092966.0,120.0,3313.0,1258357.0,316473698.0,13378840.0,329855851.0,71.637146,72.06563100000001,1.33768878772177,0.9856309766164779,1.0005087437308293,1.35788074873696,1.338369328506324,0.9343887561358291,0.9888026279213006,0.9593109993368881,0.9986496141674294
des_perf_d40,1,1.596948,101.281385,102.845924,1088998.0,0.0,0.0,0.0,0.0,329855851.0,329855851.0,102.813418,103.030838,1.610179,71.049765,72.65240399999999,1088998.0,0.0,0.0,1258400.0,316477819.0,13378032.0,329855851.0,72.602726,73.053858,1.61902,100.00342,101.634445,1088998.0,120.0,3313.0,0.0,0.0,329852538.0,329855851.0,101.29748900000001,102.120973,1.601674,70.277342,71.899451,1088998.0,120.0,3313.0,1258390.0,316490063.0,13362475.0,329855851.0,71.781915,72.439392,1.415588725735765,1.011919964732429,1.010472305275321,1.4135635750542797,1.4304132030159729,0.9343887561358291,0.9888026279213006,0.9593109993368881,0.9986496141674294
des_perf_d50,0,2.277197,72.074656,74.362812,2995248.0,0.0,0.0,0.0,0.0,72163268.0,72163268.0,74.318786,74.48581,2.287455,66.981759,69.292784,2995248.0,0.0,0.0,492085.0,69832251.0,2331017.0,72163268.0,69.185854,69.599424,2.306713,69.649114,71.923514,2995248.0,163.0,4672.0,0.0,0.0,72158596.0,72163268.0,71.905928,71.963834,2.296719,66.764956,69.082383,2995248.0,163.0,4672.0,492094.0,69832465.0,2326131.0,72163268.0,68.845736,69.14331299999999,1.0731681959841592,1.03391516715938,1.0030456534772405,1.041126708092858,1.0764366944319221,1.0628802081108215,1.0554202050153247,1.0646142660370967,1.0706345865313265
des_perf_d50,1,2.306306,67.668422,69.963493,2107297.0,0.0,0.0,0.0,0.0,72163268.0,72163268.0,69.660229,70.076392,2.320291,63.333923,65.654214,2107297.0,0.0,0.0,492095.0,69832266.0,2331002.0,72163268.0,65.165005,65.664103,2.293358,65.259256,67.558285,2107297.0,163.0,4672.0,0.0,0.0,72158596.0,72163268.0,67.344183,67.86856599999999,2.294413,62.237991,64.524707,2107297.0,163.0,4672.0,492096.0,69832011.0,2326585.0,72163268.0,64.410324,64.578566,1.0656359849194144,1.0356019694697698,1.017505031057328,1.0470142080614173,1.084289975931235,1.0628802081108215,1.0554202050153247,1.0646142660370967,1.0706345865313265
des_perf_base_x8,0,0.582382,7.06651,7.65322,7159537.0,0.0,0.0,0.0,0.0,702043.0,702043.0,7.480012,7.710984000000001,0.580268,6.99225,7.5756190000000005,7159537.0,0.0,0.0,15.0,234.0,701809.0,702043.0,7.478847,7.63819,0.580522,6.949525,7.532711000000001,7159537.0,5349.0,21396.0,0.0,0.0,680647.0,702043.0,7.51773,7.6525110000000005,0.585713,6.958924,7.539839,7159537.0,5349.0,21396.0,15.0,234.0,680413.0,702043.0,7.464493,7.643965,1.0102435193744563,1.0159980915237554,1.004745459418961,0.9990546217233552,1.0150375889989163,0.9426024217769018,0.9443433902984529,0.9331357151979859,0.9350314147501008
des_perf_base_x8,1,0.586254,7.531779,8.119245,2893668.0,0.0,0.0,0.0,0.0,702043.0,702043.0,7.989317000000001,8.127672,0.583086,7.439016,8.022102,2893668.0,0.0,0.0,15.0,234.0,701809.0,702043.0,7.941136,8.259054,0.595933,7.46168,8.072471,2893668.0,5349.0,21396.0,0.0,0.0,680647.0,702043.0,8.031551,8.18685,0.581555,7.478488,8.063728,2893668.0,5349.0,21396.0,15.0,234.0,680413.0,702043.0,8.019296,8.199788,1.0121094197007217,1.0057942605182477,0.9948378715155076,1.0010842379604075,1.0068847808358616,0.9426024217769018,0.9443433902984529,0.9331357151979859,0.9350314147501008
des_perf_base_x16,0,0.868813,50.722789,51.591602,175649447.0,0.0,0.0,0.0,0.0,290194.0,290194.0,51.403135000000006,51.620845,0.905815,50.795127,51.700942,175649447.0,0.0,0.0,15.0,234.0,289960.0,290194.0,51.611029,51.989467,0.869911,50.684863,51.547442,175649447.0,3044.0,12176.0,0.0,0.0,278018.0,290194.0,51.416067999999996,51.774893,0.875302,50.581155,51.451873,175649447.0,3044.0,12176.0,15.0,234.0,277784.0,290194.0,51.329527999999996,51.655526,0.997885144916702,1.0008566865451831,1.004840815027278,1.0018574445287929,1.0027157223217122,5.334384047181829,5.438516534366906,5.378295190929042,5.3458257633862605
des_perf_base_x16,1,0.870369,8.793301,9.67152,5503945.0,0.0,0.0,0.0,0.0,290194.0,290194.0,9.498838000000001,9.809096,0.877347,8.633687,9.506442,5503945.0,0.0,0.0,15.0,234.0,289960.0,290194.0,9.492838,9.521355,0.871923,8.715385,9.584346,5503945.0,3044.0,12176.0,0.0,0.0,278018.0,290194.0,9.569512000000001,9.595262,0.866197,8.759794,9.624682,5503945.0,3044.0,12176.0,15.0,234.0,277784.0,290194.0,9.608460999999998,9.680856,1.0173648563784432,1.0090954562783938,0.9877149187890052,0.9958091082905388,1.004866446496622,5.334384047181829,5.438516534366906,5.378295190929042,5.3458257633862605
vga_lcd_base,0,0.412133,7.532356,7.946478,1058527.0,0.0,0.0,0.0,0.0,27434.0,27434.0,7.906858,7.989221,0.414063,7.580738,7.993619,1058527.0,0.0,0.0,21.0,328.0,27106.0,27434.0,7.954288999999999,8.110095,0.413842,7.73295,8.15151,1058527.0,1934.0,20851.0,0.0,0.0,6583.0,27434.0,8.087248,8.235909,0.414215,7.971651,8.394979000000001,1058527.0,1934.0,20851.0,21.0,328.0,6255.0,27434.0,8.385866,8.405298,0.9941026711430705,0.9748473595689633,0.952190470041676,0.9709982597931452,0.9465750897054059,0.8698795979966168,0.8772539829492504,0.8714857565735806,0.896901669737009
vga_lcd_base,1,0.436072,8.699075,9.135147,1057393.0,0.0,0.0,0.0,0.0,27434.0,27434.0,9.114872,9.227991,0.448277,8.693748,9.112091999999999,1057393.0,0.0,0.0,21.0,328.0,27106.0,27434.0,9.096332,9.284735,0.420045,8.933533,9.353578,1057393.0,1934.0,20851.0,0.0,0.0,6583.0,27434.0,9.264052000000001,9.405619999999999,0.416958,8.937279,9.359977,1057393.0,1934.0,20851.0,21.0,328.0,6255.0,27434.0,9.326637999999999,9.431073000000001,1.0025301544365444,0.9766473321759865,0.9735164947520702,0.9993163444739234,0.9759796418303164,0.8698795979966168,0.8772539829492504,0.8714857565735806,0.896901669737009
vga_lcd_d10,0,0.61581,30.300086,30.915896,3128204.0,0.0,0.0,0.0,0.0,53265642.0,53265642.0,30.860854,31.186212,0.619951,30.381878,30.994774,3128204.0,0.0,0.0,0.0,0.0,53265642.0,53265642.0,30.950769,31.131641,0.615965,16.142819,16.758784,3128204.0,3089411.0,52957717.0,0.0,0.0,307925.0,53265642.0,16.713397,16.865641,0.618198,16.066119,16.684317,3128204.0,3089411.0,52957717.0,0.0,0.0,307925.0,53265642.0,16.668100000000003,16.884886,0.9974551193694783,1.844757710344617,1.8577190783416546,1.0044632932831472,1.8529914050422323,1.0466973280452077,1.0573026751641286,1.0913119276545744,1.0780856060213466
vga_lcd_d10,1,0.628806,28.887156,29.536615,1974273.0,0.0,0.0,0.0,0.0,53265642.0,53265642.0,29.330074,29.809818,0.615283,28.699666,29.314949000000002,1974273.0,0.0,0.0,0.0,0.0,53265642.0,53265642.0,29.29769,29.33226,0.619538,14.747769,15.356548,1974273.0,3089411.0,52957717.0,0.0,0.0,307925.0,53265642.0,15.33475,15.413798,0.612762,14.863952,15.475874,1974273.0,3089411.0,52957717.0,0.0,0.0,307925.0,53265642.0,15.435787,15.591384,1.0075615345604045,1.9233889673642801,1.8942354402730341,0.9922895469425508,1.908558767020202,1.0466973280452077,1.0573026751641286,1.0913119276545744,1.0780856060213466
vga_lcd_d20,0,0.932271,62.445329,63.37394,9462409.0,0.0,0.0,0.0,0.0,133003597.0,133003597.0,63.164868999999996,63.458742,0.936653,62.157692,63.094345,9462409.0,0.0,0.0,5.0,78.0,133003519.0,133003597.0,62.880176000000006,64.260904,0.937944,34.115242,35.053186000000004,9462409.0,5908819.0,132322277.0,0.0,0.0,681320.0,133003597.0,34.509006,35.075,0.95173,34.202409,35.143789000000005,9462409.0,5908819.0,132322277.0,5.0,78.0,681242.0,133003597.0,35.009946,35.273011,1.0044313797060576,1.807936659452296,1.7953199354799219,0.9974219342143216,1.8032756798078884,1.2358552899332826,1.2317475404179714,1.4899808849214464,1.4993007288358593
vga_lcd_d20,1,0.934154,50.3052,51.279418,3998621.0,0.0,0.0,0.0,0.0,133003597.0,133003597.0,51.238542,51.55848,0.939781,50.290852,51.223439,3998621.0,0.0,0.0,5.0,78.0,133003519.0,133003597.0,51.185378,51.280502,0.974897,22.534378,23.52593,3998621.0,5908819.0,132322277.0,0.0,0.0,681320.0,133003597.0,23.487119,23.739294,0.953658,22.462453,23.44012,3998621.0,5908819.0,132322277.0,5.0,78.0,681242.0,133003597.0,23.296816,23.521953,1.0010928395494882,2.1796978057828107,2.185289111147895,1.0036608174360881,2.1876772815156236,1.2358552899332826,1.2317475404179714,1.4899808849214464,1.4993007288358593
vga_lcd_d30,0,1.264739,37.070339,38.335077999999996,2313101.0,0.0,0.0,0.0,0.0,52716268.0,52716268.0,38.227985000000004,38.409604,1.267331,37.095858,38.355724,2313101.0,0.0,0.0,5.0,77.0,52716191.0,52716268.0,38.306231,38.71101,1.280701,19.50758,20.788281,2313101.0,2089676.0,52603442.0,0.0,0.0,112826.0,52716268.0,20.761146,20.874394,1.259244,19.658159,20.930713,2313101.0,2089676.0,52603442.0,5.0,77.0,112749.0,52716268.0,20.788235,21.144653,0.9994617231055264,1.8440715709009319,1.8325091935473006,0.9931950717589029,1.8315227961895035,1.0132067069363642,1.0107334679617375,1.014635682723982,1.0180196966725656
vga_lcd_d30,1,1.276252,36.551681,37.835397,1921794.0,0.0,0.0,0.0,0.0,52716268.0,52716268.0,37.712374,37.948738,1.271491,36.672706,37.948406,1921794.0,0.0,0.0,5.0,77.0,52716191.0,52716268.0,37.874331,38.259572000000006,1.284867,19.203552,20.488418999999997,1921794.0,2089676.0,52603442.0,0.0,0.0,112826.0,52716268.0,20.24875,20.585179,1.273849,19.286375,20.560223999999998,1921794.0,2089676.0,52603442.0,5.0,77.0,112749.0,52716268.0,20.374339,20.678729,0.9970220356554634,1.8466723567103935,1.8457194824336545,0.9965075769602509,1.8402229956249505,1.0132067069363642,1.0107334679617375,1.014635682723982,1.0180196966725656
vga_lcd_d40,0,1.729393,79.567629,81.28960599999999,6873063.0,0.0,0.0,0.0,0.0,207529995.0,207529995.0,80.200262,81.327151,1.725866,79.317491,81.03136500000001,6873063.0,0.0,0.0,5.0,77.0,207529918.0,207529995.0,80.791851,81.57043,1.747356,34.326504,36.064343,6873063.0,7951347.0,206781706.0,0.0,0.0,748289.0,207529995.0,35.701105,36.812289,1.712929,33.926964,35.639893,6873063.0,7951347.0,206781706.0,5.0,77.0,748212.0,207529995.0,35.566038,35.796514,1.0031869264450868,2.254015995799507,2.273614149178282,1.0119094072476593,2.280859990236222,1.1559052254933322,1.1527020228832892,1.3952608163892686,1.3778057557892276
vga_lcd_d40,1,1.708454,68.61968,70.325494,3393669.0,0.0,0.0,0.0,0.0,207529995.0,207529995.0,70.185266,70.468,1.728676,68.563885,70.296888,3393669.0,0.0,0.0,5.0,77.0,207529918.0,207529995.0,70.27952300000001,70.365008,1.723019,24.094679,25.847742999999998,3393669.0,7951347.0,206781706.0,0.0,0.0,748289.0,207529995.0,25.782265,25.872419,1.768862,24.098277,25.867138999999998,3393669.0,7951347.0,206781706.0,5.0,77.0,748212.0,207529995.0,25.688923,26.053268,1.000406931242817,2.720759564964725,2.7176135714119756,0.9992501683313334,2.718719453280087,1.1559052254933322,1.1527020228832892,1.3952608163892686,1.3778057557892276
vga_lcd_d50,0,2.349229,50.193854,52.535814,2272742.0,0.0,0.0,0.0,0.0,106552004.0,106552004.0,52.354556,52.64146,2.381215,50.276433,52.653783999999995,2272742.0,0.0,0.0,101.0,1482.0,106550522.0,106552004.0,52.624672,52.890046999999996,2.346157,22.042639,24.388796,2272742.0,3985885.0,106059287.0,0.0,0.0,492717.0,106552004.0,24.282685,24.434757,2.33181,22.355292,24.687102,2272742.0,3985885.0,106059287.0,101.0,1482.0,491235.0,106552004.0,24.472701,24.843947,0.9977595152515536,2.1540962497697715,2.132845888512957,0.987916524183357,2.128067279828957,1.021976681006929,1.015827931230941,1.0244050617769007,1.0229824720030822
vga_lcd_d50,1,2.3539,48.988547,51.406079000000005,1726141.0,0.0,0.0,0.0,0.0,106552004.0,106552004.0,51.238902,51.427628999999996,2.374642,49.486723,51.833369,1726141.0,0.0,0.0,101.0,1482.0,106550522.0,106552004.0,51.652741,52.297653,2.35261,21.457407,23.807766,1726141.0,3985885.0,106059287.0,0.0,0.0,492717.0,106552004.0,23.563985000000002,23.814968999999998,2.350016,21.766098,24.132478,1726141.0,3985885.0,106059287.0,101.0,1482.0,491235.0,106552004.0,24.079318999999998,24.171014,0.991756468694906,2.1592147285049763,2.1478676578509677,0.9865446059870023,2.130161643574274,1.021976681006929,1.015827931230941,1.0244050617769007,1.0229824720030822
vga_lcd_base_x8,0,0.660676,13.79898,14.459656,11329564.0,0.0,0.0,0.0,0.0,1438095.0,1438095.0,14.441246999999999,14.467703,0.655747,13.876731,14.528194,11329564.0,0.0,0.0,6.0,86.0,1438009.0,1438095.0,14.4935,14.551815000000001,0.662613,12.128466,12.789259,11329564.0,49553.0,1324736.0,0.0,0.0,113359.0,1438095.0,12.710292,12.792074999999999,0.65808,12.511444,13.169524,11329564.0,49553.0,1324736.0,6.0,86.0,113273.0,1438095.0,13.109097,13.177526,0.9952824143179807,1.1306093652493863,1.1031677378772384,0.9711253800820744,1.097963449552163,1.250747438847721,1.2752981522644227,1.2789592808372299,1.2905006216086998
vga_lcd_base_x8,1,0.657154,10.901374,11.560812,3195669.0,0.0,0.0,0.0,0.0,1438095.0,1438095.0,11.424099,11.561494,0.661235,10.736469,11.391998000000001,3195669.0,0.0,0.0,6.0,86.0,1438009.0,1438095.0,11.39195,11.510722999999999,0.658312,9.341427,9.999739,3195669.0,49553.0,1324736.0,0.0,0.0,113359.0,1438095.0,9.836894,10.483311,0.66273,9.536644,10.204973,3195669.0,49553.0,1324736.0,6.0,86.0,113273.0,1438095.0,10.192722,10.252021,1.0148186472645095,1.1561113745068747,1.1163182891321712,0.9798888247915991,1.1328606160937418,1.250747438847721,1.2752981522644227,1.2789592808372299,1.2905006216086998
vga_lcd_base_x16,0,1.030615,13.659448,14.690062999999999,9226121.0,0.0,0.0,0.0,0.0,2368395.0,2368395.0,14.518974,14.750409,1.030031,13.832453,14.861034,9226121.0,0.0,0.0,27.0,414.0,2367981.0,2368395.0,14.833371999999999,14.940223,1.027605,11.328013,12.355618,9226121.0,82801.0,2181833.0,0.0,0.0,186562.0,2368395.0,12.338258999999999,12.457817,1.027967,11.395451,12.433772,9226121.0,82801.0,2181833.0,27.0,414.0,186148.0,2368395.0,12.379255,12.542285999999999,0.9884953496506366,1.1889379390007038,1.1952152572847565,0.9937143772621856,1.181464723657471,1.1691056753987634,1.1779403141283238,1.2058671996225743,1.1967670718815508
vga_lcd_base_x16,1,1.029685,11.534565,12.565214000000001,2923658.0,0.0,0.0,0.0,0.0,2368395.0,2368395.0,12.271286,12.855260000000001,1.031554,11.588767,12.616118,2923658.0,0.0,0.0,27.0,414.0,2367981.0,2368395.0,12.566359,12.894625,1.023593,9.2227,10.246250999999999,2923658.0,82801.0,2181833.0,0.0,0.0,186562.0,2368395.0,10.244344,10.607523,1.027654,9.36405,10.389467,2923658.0,82801.0,2181833.0,27.0,414.0,186148.0,2368395.0,10.37636,10.487897,0.9959651613911665,1.2263230717264297,1.214318116607907,0.9862152697534916,1.2094185389876113,1.1691056753987634,1.1779403141283238,1.2058671996225743,1.1967670718815508
cage15,0,2.477669,20.084404,22.553582,1546814.0,0.0,0.0,0.0,0.0,20260859.0,20260859.0,22.54152,22.769353000000002,2.471073,20.037112,22.509959000000002,1546814.0,0.0,0.0,0.0,0.0,20260859.0,20260859.0,22.508185,22.717042,2.475716,10.809551,13.268095,1546814.0,2126300.0,19744042.0,0.0,0.0,516817.0,20260859.0,13.210957,13.36787,2.476148,10.925481,13.406334999999999,1546814.0,2126300.0,19744042.0,0.0,0.0,516817.0,20260859.0,13.185494,14.299482000000001,1.0019379422237062,1.6998357337658494,1.6790538950429035,0.9896884569869395,1.6823078044819857,0.9503772040087327,0.9459861515948302,0.9381440944506644,0.9404491553180382
cage15,1,2.475255,21.25759,23.73119,1377707.0,0.0,0.0,0.0,0.0,20260859.0,20260859.0,23.527393,23.910317,2.468098,21.320099,23.795230999999998,1377707.0,0.0,0.0,0.0,0.0,20260859.0,20260859.0,23.346459,23.857473000000002,2.483675,11.658657,14.142918,1377707.0,2126300.0,19744042.0,0.0,0.0,516817.0,20260859.0,14.142332,14.281082,2.473789,11.784903,14.255247,1377707.0,2126300.0,19744042.0,0.0,0.0,516817.0,20260859.0,14.252793,14.312037,0.9973086623954188,1.6779557089986665,1.669226145292326,0.992120164596236,1.6647336941969508,0.9503772040087327,0.9459861515948302,0.9381440944506644,0.9404491553180382
M6,0,0.636498,18.039165,18.708401000000002,44347948.0,0.0,0.0,0.0,0.0,7574.0,7574.0,18.576912,18.820051,0.648252,17.978241,18.632225000000002,44347948.0,0.0,0.0,0.0,0.0,7574.0,7574.0,18.605367,18.678849,0.635554,18.04859,18.683005,44347948.0,1399.0,7559.0,0.0,0.0,15.0,7574.0,18.638319,18.728846,0.636605,17.954032,18.590637,44347948.0,1399.0,7559.0,0.0,0.0,15.0,7574.0,18.580105999999997,18.794309000000002,1.0040884006070128,1.0013593102394396,1.0022370400756038,1.004968522595541,1.0063345865986195,3.8175104643619946,3.8314946206111444,3.76964267194816,3.8317834619791484
M6,1,0.639658,4.261023,4.900681,2438158.0,0.0,0.0,0.0,0.0,7574.0,7574.0,4.8259240000000005,5.206759999999999,0.638789,4.214637,4.862913,2438158.0,0.0,0.0,0.0,0.0,7574.0,7574.0,4.838665,4.864382999999999,0.638667,4.287301,4.956174000000001,2438158.0,1399.0,7559.0,0.0,0.0,15.0,7574.0,4.893492999999999,4.982127,0.628923,4.22693,4.851693,2438158.0,1399.0,7559.0,0.0,0.0,15.0,7574.0,4.821815,4.93739,1.007766538286825,0.9888032583198247,1.0023125947993823,1.0215349569727517,1.0100970939422589,3.8175104643619946,3.8314946206111444,3.76964267194816,3.8317834619791484
nlpkkt120,0,2.356533,5.714674,8.084323,1039987.0,0.0,0.0,0.0,0.0,18227449.0,18227449.0,8.041909,8.085412,2.354614,5.749861,8.094262,1039987.0,0.0,0.0,0.0,0.0,18227449.0,18227449.0,8.027261000000001,8.126985000000001,2.370003,3.08065,5.458378,1039987.0,720812.0,18227437.0,0.0,0.0,12.0,18227449.0,5.450653,5.467035,2.361123,3.105149,5.464812,1039987.0,720812.0,18227437.0,0.0,0.0,12.0,18227449.0,5.443215,5.494357,0.9987720931197926,1.4810852234858047,1.4811601936169076,0.9988226493427403,1.4793414668244762,0.8371987851368149,0.8332840386386675,0.8867041759769843,0.895632375905169
nlpkkt120,1,2.355534,7.310834,9.656396,1038691.0,0.0,0.0,0.0,0.0,18227449.0,18227449.0,9.644784,9.739757,2.364873,7.352279,9.713689,1038691.0,0.0,0.0,0.0,0.0,18227449.0,18227449.0,9.693036,9.78523,2.369235,3.778715,6.155805,1038691.0,720812.0,18227437.0,0.0,0.0,12.0,18227449.0,6.14795,6.225178,2.344678,3.765862,6.101623999999999,1038691.0,720812.0,18227437.0,0.0,0.0,12.0,18227449.0,6.085833,6.303416,0.9941018288726353,1.568665024314448,1.5919841996163646,1.0088797670915155,1.5825944043749667,0.8371987851368149,0.8332840386386675,0.8867041759769843,0.895632375905169
