case,no_descriptors_ms,adaptive_204_ms,plus_strip24_ms,plus_tight_bound_ms,204_incremental_speedup,strip24_incremental_speedup,tight_bound_incremental_speedup,total_speedup,strip24_cumulative_over_adaptive_speedup,tight_bound_cumulative_over_adaptive_speedup
netcard_base,6.980762,6.970843,6.5126990000000005,7.058815,1.001422926897077,1.0703462573658018,0.9226334731821135,0.9889424783054946,1.0703462573658018,0.987537284940886
netcard_d10,33.122744,33.405281,16.773017,15.786132,0.9915421456864858,1.9916083671768772,1.0625159475418045,2.0982178534931797,1.9916083671768772,2.1161156513831254
netcard_d20,70.356425,70.2923,25.648109,24.550438,1.0009122620827602,2.7406425947425594,1.0447108520019073,2.865791029878978,2.7406425947425594,2.8631790601862175
netcard_d30,118.36243400000001,96.04841,93.382317,94.053349,1.2323205974986988,1.0285502982325874,0.99286541088505,1.2584605998453071,1.0285502982325874,1.0212120144706385
netcard_d40,157.73333,109.40381099999999,109.37436100000001,98.924594,1.4417535235586996,1.0002692587159434,1.1056336607254613,1.5944804383023294,1.0002692587159434,1.105931362225252
netcard_d50,142.470798,116.297711,116.68865500000001,109.19323,1.2250524690034525,0.9966496828676275,1.0686436787335627,1.3047585276120142,0.9966496828676275,1.0650633835082999
netcard_base_x8,10.167717,10.136369,10.098206,11.394587,1.0030926261662336,1.0037791861247434,0.8862283468457435,0.8923286995834074,1.0037791861247434,0.8895775687174973
netcard_base_x16,21.914423,22.071081999999997,22.223302,18.349219,0.9929020697761896,0.9931504328204691,1.211130675370979,1.194297315869411,0.9931504328204691,1.2028349544468349
leon2_base,9.573257,9.508497,9.106027000000001,9.177197,1.0068107504266972,1.0441981997198118,0.9922449087668055,1.0431569682987083,1.0441981997198118,1.0361003474154473
leon2_d10,42.533879,39.645528,34.951281,34.802526,1.0728543960872459,1.1343082961680289,1.00427425871329,1.222149191124805,1.1343082961680289,1.139156623286482
leon2_d20,86.801683,60.414539,52.34137,53.358223,1.4367681097425902,1.1542406895348747,0.9809428998413233,1.6267723720859293,1.1542406895348747,1.1322442091071885
leon2_d30,874.790527,871.371909,856.568049,103.129178,1.0039232593622662,1.0172827599830307,8.305777914762396,8.4824735730949,1.0172827599830307,8.449324680935593
leon2_d40,77.325898,76.463378,51.616988000000006,48.218737999999995,1.0112801712736257,1.4813607101599962,1.0704757142337489,1.6036483161380126,1.4813607101599962,1.5857606642463353
leon2_d50,126.537919,121.35828,119.17797,112.009806,1.0426805571074345,1.0182945723945456,1.063995861219508,1.1297039385998044,1.0182945723945456,1.0834612105300852
leon2_base_x8,16.280849,16.609809000000002,16.623721,13.409393,0.980194835473424,0.9991631235870719,1.2397071962914354,1.2141376570885796,0.9991631235870719,1.238669714579922
leon2_base_x16,15.956415,16.218601,16.384938000000002,17.832456,0.9838342406968394,0.9898481764166577,0.91882677293582,0.8947962636217915,0.9898481764166577,0.9094990056333239
leon3mp_base,11.726532,11.714375,11.183836000000001,10.978659,1.0010377847729819,1.0474380167949529,1.0186887123463804,1.0681206147308155,1.0474380167949529,1.067013284591497
leon3mp_d10,72.09321800000001,72.10710200000001,35.207913,23.747689,0.9998074530855504,2.048036814905786,1.4825827052055465,3.0357993150407183,2.048036814905786,3.036383961403571
leon3mp_d20,88.335364,88.137883,32.989764,27.468917,1.0022405915966917,2.6716736439824182,1.2009852445220173,3.215829877821539,2.6716736439824182,3.2086406246012538
leon3mp_d30,59.404878000000004,59.508741,32.071117,28.947991000000002,0.9982546597650251,1.8555244271660385,1.1078874869071225,2.0521243771286235,1.8555244271660385,2.05571229450776
leon3mp_d40,86.315429,72.870881,58.579874000000004,57.89371,1.1844982222734484,1.2439576261294107,1.0118521338501196,1.490929308209821,1.2439576261294107,1.2587011784181736
leon3mp_d50,96.094493,85.098863,84.253485,86.149224,1.1292100694694358,1.0100337451916677,0.9779947060231209,1.115442351517873,1.0100337451916677,0.9878076557021569
leon3mp_base_x8,11.024505000000001,11.15923,11.430938,11.887318,0.9879270343921579,0.9762304720749952,0.9616078244058078,0.9274173535191034,0.9762304720749952,0.9387508603706909
leon3mp_base_x16,26.857784,27.278138,27.326207999999998,17.338337,0.9845900772259456,0.9982408828916182,1.5760570347663676,1.5490403722110142,0.9982408828916182,1.5732845658727246
des_perf_base,26.865622,26.745388000000002,27.503219,29.022185,1.0044955040472772,0.9724457344429392,0.9476619007149186,0.9256926037787988,0.9724457344429392,0.9215497730443108
des_perf_d10,40.549203000000006,40.230162,27.669572000000002,14.992360000000001,1.0079303931214596,1.4539495587427227,1.845578147803281,2.7046577723587215,1.4539495587427227,2.683377533623792
des_perf_d20,20.363407000000002,20.255118,11.940669,13.271364,1.0053462537221458,1.6963134980125485,0.8997318587599586,1.5343868949717605,1.6963134980125485,1.5262272966064376
des_perf_d30,48.564176,48.524907000000006,14.262484,15.127844,1.0008092545133573,3.4022759990475717,0.942796871781597,3.210250978262336,3.4022759990475717,3.207655168839658
des_perf_d40,96.09807500000001,71.838888,71.802359,71.899451,1.33768878772177,1.0005087437308293,0.9986496141674294,1.336562013526362,1.0005087437308293,0.9991576708979322
des_perf_d50,74.362812,69.292784,69.082383,64.524707,1.0731681959841592,1.0030456534772405,1.0706345865313265,1.1524703552702689,1.0030456534772405,1.0738953684826495
des_perf_base_x8,7.65322,7.5756190000000005,7.539839,8.063728,1.0102435193744563,1.004745459418961,0.9350314147501008,0.949092032866188,1.004745459418961,0.9394685683842512
des_perf_base_x16,51.591602,51.700942,51.451873,9.624682,0.997885144916702,1.004840815027278,5.3458257633862605,5.360343541739873,1.004840815027278,5.37170391707487
vga_lcd_base,7.946478,7.993619,8.394979000000001,9.359977,0.9941026711430705,0.952190470041676,0.896901669737009,0.8489847784882377,0.952190470041676,0.8540212224880467
vga_lcd_d10,30.915896,30.994774,16.684317,15.475874,0.9974551193694783,1.8577190783416546,1.0780856060213466,1.9976833618573013,1.8577190783416546,2.00278019839138
vga_lcd_d20,63.37394,63.094345,35.143789000000005,23.44012,1.0044313797060576,1.7953199354799219,1.4993007288358593,2.703652541027947,1.7953199354799219,2.691724487758595
vga_lcd_d30,38.335077999999996,38.355724,20.930713,20.560223999999998,0.9994617231055264,1.8325091935473006,1.0180196966725656,1.8645262814257277,1.8325091935473006,1.8655304533647108
vga_lcd_d40,81.28960599999999,81.03136500000001,35.639893,25.867138999999998,1.0031869264450868,2.273614149178282,1.3778057557892276,3.142582022696828,2.273614149178282,3.1325986611816643
vga_lcd_d50,52.535814,52.653783999999995,24.687102,24.132478,0.9977595152515536,2.132845888512957,1.0229824720030822,2.1769755265083015,2.132845888512957,2.181863959432595
vga_lcd_base_x8,14.459656,14.528194,13.169524,10.204973,0.9952824143179807,1.1031677378772384,1.2905006216086998,1.416922514150699,1.1031677378772384,1.4236386514692394
vga_lcd_base_x16,14.690062999999999,14.861034,12.433772,10.389467,0.9884953496506366,1.1952152572847565,1.1967670718815508,1.413938077862897,1.1952152572847565,1.4303942637288323
cage15,22.553582,22.509959000000002,13.406334999999999,14.255247,1.0019379422237062,1.6790538950429035,0.9404491553180382,1.5821249537100268,1.6790538950429035,1.5790648173265607
M6,18.708401000000002,18.632225000000002,18.590637,4.851693,1.0040884006070128,1.0022370400756038,3.8317834619791484,3.856056226146214,1.0022370400756038,3.8403553151446315
nlpkkt120,8.084323,8.094262,5.464812,6.101623999999999,0.9987720931197926,1.4811601936169076,0.895632375905169,1.3249461127070432,1.4811601936169076,1.326575023305271
