case,enabled,trial,setup_ms,pfxt_ms,cold_ms,strips,strip_paths,tiles,tile_paths,individual,total,strip_paths_pct,tile_paths_pct,individual_pct,paths_per_strip,paths_per_tile,record_bytes_per_path
netcard_base,1,coverage,0.618092,6.78578,7.403872,70573,1216011,0,0,49109,1265120,96.11823384342988,0.0,3.881766156570128,17.230541425190935,0,2.2704312634374606
netcard_d10,1,coverage,3.725207,12.746422,16.471629,3478895,72062747,0,0,27013,72089760,99.96252865871658,0.0,0.03747134128342222,20.714263293373328,0,1.1671809144599732
netcard_d20,1,coverage,6.308141,18.969134,25.277275,7627528,187069083,0,0,537311,187606394,99.7135966485236,0.0,0.28640335147638946,24.525519014810566,0,1.0445067026873296
netcard_d30,1,coverage,9.104035,84.882517,93.986552,3172,86938,2030555,336583006,8197647,344867591,0.025209095394527807,97.59774904450212,2.377041860103346,27.407944514501892,165.7591180736301,1.7718477814286702
netcard_d40,1,coverage,11.894678,87.118283,99.012961,40,1036,1940857,306987158,5552985,312541179,0.0003314763204371223,98.22294744719063,1.776721076488932,25.9,158.17093067650012,1.6932406465389318
netcard_d50,1,coverage,14.666668,94.159992,108.82666,46,1232,1987161,248784590,3431629,252217451,0.0004884673899903936,98.63892804150177,1.3605834911082342,26.782608695652176,125.19599066205507,1.9338116457294623
netcard_base_x8,1,coverage,3.220946,8.622564,11.84351,1107,8871,115,1835,893358,904064,0.9812358417103214,0.20297235593940252,98.81579180235028,8.013550135501355,15.956521739130435,23.771126822879797
netcard_base_x16,1,coverage,7.330634,11.310039,18.640673,553,3850,115,1835,2731356,2737041,0.14066285452063013,0.06704320468710553,99.79229394079226,6.962025316455696,15.956521739130435,23.963570878185603
leon2_base,1,coverage,0.718514,8.858826,9.577340000000001,51972,757478,0,0,40840,798318,94.88424412326917,0.0,5.115755876730827,14.574732548295236,0,2.7902264511134662
leon2_d10,1,coverage,4.02454,33.86019,37.884730000000005,591905,9460390,302247,53242450,15115184,77818024,12.157067879287194,68.41917497159784,19.423757149114966,15.982953345553764,176.15542916885857,5.636592931221179
leon2_d20,1,coverage,6.676356,49.418078,56.094434,791403,20397316,831476,177593788,18230714,216221818,9.433514244154583,82.13499897591278,8.431486779932634,25.77361470704559,213.58859185352313,2.895877565880054
leon2_d30,1,coverage,9.570513,101.798262,111.368775,720304,18221529,524439,47075996,20619784,85917309,21.208216612091515,54.79221422076895,23.999569167139533,25.2969982118661,89.76448357196928,7.20632053315357
leon2_d40,1,coverage,12.533478,39.559675,52.093153,2504685,64181509,342925,30247473,6601392,101030374,63.526943887191784,29.938989436978627,6.534066675829588,25.62458313121211,88.20433914121163,2.8556020984342787
leon2_d50,1,coverage,15.621298,97.277327,112.898625,490,13803,1522543,149305208,18316105,167635116,0.008233954990671526,89.06559172244079,10.926174322568547,28.16938775510204,98.06304846562625,4.475178410709604
leon2_base_x8,1,coverage,3.098884,10.561768,13.660652,42192,268366,39,614,788746,1057726,25.371977241743135,0.058049059964489856,74.56997369829237,6.360589685248389,15.743589743589743,18.861659824945214
leon2_base_x16,1,coverage,6.523391,12.590309,19.1137,52560,376077,39,614,1059118,1435809,26.19268997478077,0.04276334804977542,73.76454667716946,7.155194063926941,15.743589743589743,18.58758929634791
leon3mp_base,1,coverage,0.633928,10.837844,11.471772000000001,34544,671465,0,0,79927,751392,89.36280929261956,0.0,10.637190707380435,19.43796317739694,0,3.656285933307781
leon3mp_d10,1,coverage,3.229609,21.396489,24.626098,9391941,157973388,0,0,393704,158367092,99.75139784722447,0.0,0.24860215277552739,16.82010012626783,0,1.4829815780162208
leon3mp_d20,1,coverage,5.359827,22.668336,28.028163,10901033,268800102,0,0,1839642,270639744,99.32026169814881,0.0,0.6797383018511871,24.6582229408901,0,1.1298274062807272
leon3mp_d30,1,coverage,7.765713,21.488787,29.2545,3728942,100302593,0,0,761499,101064092,99.24651873387434,0.0,0.7534812661256581,26.89840523129617,0,1.066358801304028
leon3mp_d40,1,coverage,10.335037,50.852859,61.187896,477274,12569594,1319242,130870559,12040145,155480298,8.084364489705314,84.17179583743787,7.743839672856814,26.33622196055096,99.20132849014813,3.6631227964330244
leon3mp_d50,1,coverage,12.969267,73.067158,86.03642500000001,85,2283,1397611,181780527,8949289,190732099,0.0011969668513950554,95.30673020066749,4.692072832481124,26.858823529411765,130.0651805116016,2.6209412187090755
leon3mp_base_x8,1,coverage,2.730582,9.433872,12.164454,10330,48039,16,253,520246,568538,8.449567135354188,0.044500103774945565,91.50593276087086,4.650435624394966,15.8125,22.403230742712008
leon3mp_base_x16,1,coverage,5.806827,12.060974,17.867801,134044,607407,16,253,4298172,4905832,12.381324921032762,0.0051571272721935854,87.61351795169504,4.53140013726836,15.8125,21.683671189718687
des_perf_base,1,coverage,0.441924,29.070903,29.512827,4029,25890,0,0,83779,109669,23.60740045044634,0.0,76.39259954955365,6.425912137006701,0,19.215931575923918
des_perf_d10,1,coverage,0.684502,14.639404,15.323906000000001,3082900,51625075,22,345,37448,51662868,99.92684687965833,0.0006677910332039638,0.07248532930846967,16.745621006195464,15.681818181818182,1.4496454203820044
des_perf_d20,1,coverage,0.808174,12.926744,13.734917999999999,1168599,26736993,22,349,155700,26893042,99.4197421028086,0.0012977334434683887,0.5789601637479316,22.87952753681973,15.863636363636363,1.182003285459488
des_perf_d30,1,coverage,1.131449,14.639171,15.77062,9468632,242565066,28,443,459881,243025390,99.81058604617402,0.0001822854805417656,0.189231668345435,25.6177519624799,15.821428571428571,0.980514933028191
des_perf_d40,1,coverage,1.593221,70.292528,71.885749,120,3313,1258349,316472156,13380382,329855851,0.0010043781215207245,95.94256249830778,4.056433123570696,27.608333333333334,251.4979198934477,1.751781095433714
des_perf_d50,1,coverage,2.292158,63.686289,65.978447,163,4672,492086,69830295,2328301,72163268,0.0064742079031121485,96.76709070326471,3.2264350888321744,28.662576687116566,141.90668907467395,2.165487849025906
des_perf_base_x8,1,coverage,0.575463,8.024889,8.600351999999999,5349,21396,15,234,680413,702043,3.0476765668199812,0.03333129167301718,96.918992141507,4.0,15.6,23.447777415343506
des_perf_base_x16,1,coverage,0.86596,9.260138,10.126097999999999,3044,12176,15,234,277784,290194,4.1958138348828715,0.08063571266118527,95.72355045245594,4.0,15.6,23.235945608799632
vga_lcd_base,1,coverage,0.410504,9.061072,9.471575999999999,1934,20851,21,328,6255,27434,76.00422832980972,1.1955967048188378,22.800174965371436,10.781282316442606,15.619047619047619,7.320113727491434
vga_lcd_d10,1,coverage,0.609917,15.493584,16.103501,3089411,52957717,0,0,307925,53265642,99.42190690201387,0.0,0.5780930979861277,17.14168720186469,0,1.530744039469195
vga_lcd_d20,1,coverage,0.94787,23.21361,24.161479999999997,5908819,132322277,5,78,681242,133003597,99.48774317735182,5.864503047988995e-05,0.5121981776177076,22.39403119303536,15.6,1.1891594480711676
vga_lcd_d30,1,coverage,1.259236,19.789134,21.048370000000002,2089676,52603442,5,77,112749,52716268,99.78597498593793,0.00014606496802846514,0.21387894909404437,25.173013424090623,15.4,1.002711724585663
vga_lcd_d40,1,coverage,1.739289,24.574132,26.313420999999998,7951347,206781706,5,77,748212,207529995,99.63943091696216,3.7103070329664876e-05,0.3605319799675223,26.005871206476087,15.4,1.0060735365025186
vga_lcd_d50,1,coverage,2.364484,22.250943,24.615427,3985885,106059287,101,1482,491235,106552004,99.53758072912453,0.0013908701332355983,0.4610284007422329,26.608717261034876,14.673267326732674,1.0086294012827763
vga_lcd_base_x8,1,coverage,0.661753,10.318185,10.979938,49553,1324736,6,86,113273,1438095,92.11741922473828,0.005980133440419443,7.876600641821298,26.733719451899987,14.333333333333334,2.718212635465668
vga_lcd_base_x16,1,coverage,1.055546,10.444362,11.499908,82801,2181833,27,414,186148,2368395,92.1228511291402,0.017480192282115104,7.859668678577687,26.350321856016233,15.333333333333334,2.7277054714268525
cage15,1,coverage,2.4741,12.254237,14.728337,2126300,19744042,0,0,516817,20260859,97.44918515054076,0.0,2.5508148494592455,9.285633259652919,0,3.1309041734114036
M6,1,coverage,0.638142,4.506334,5.144476,1399,7559,0,0,15,7574,99.80195405334038,0.0,0.19804594665962502,5.403145103645461,0,4.480591497227357
nlpkkt120,1,coverage,2.360314,3.872936,6.23325,720812,18227437,0,0,12,18227449,99.9999341652252,0.0,6.583477479487119e-05,25.28736619257171,0,0.9491057141347645
