case,gpg_setup_ms,gpg_pfxt_ms,gpg_cold_ms,gpg_query_ms,gpg_candidates,gpg_strips,gpg_represented,gpg_promoted,gpg_cold_min_ms,gpg_cold_max_ms,gpg_candidates_min,gpg_candidates_max,adaptive_setup_ms,adaptive_pfxt_ms,adaptive_cold_ms,adaptive_query_ms,adaptive_candidates,adaptive_strips,adaptive_represented,adaptive_promoted,adaptive_cold_min_ms,adaptive_cold_max_ms,adaptive_candidates_min,adaptive_candidates_max,strip24_setup_ms,strip24_pfxt_ms,strip24_cold_ms,strip24_query_ms,strip24_candidates,strip24_strips,strip24_represented,strip24_promoted,strip24_cold_min_ms,strip24_cold_max_ms,strip24_candidates_min,strip24_candidates_max,bound_setup_ms,bound_pfxt_ms,bound_cold_ms,bound_query_ms,bound_candidates,bound_strips,bound_represented,bound_promoted,bound_cold_min_ms,bound_cold_max_ms,bound_candidates_min,bound_candidates_max,adaptive_speedup_vs_gpg,strip24_speedup_vs_gpg,bound_speedup_vs_gpg,excess_reduction_pct,bound_speedup_vs_strip24
netcard_base,0.0,7.5226,7.5226,5456.54,1257045,0,0,0,7.38094,7.68792,1257045,1257045,0.617073,7.05704,7.674113,5456.69,1257046,0,0,0,7.6505410000000005,7.7116109999999995,1257046,1257046,0.613066,6.36891,6.9819759999999995,5456.51,1257046,70573,1216011,676414,6.943296999999999,7.053112,1257046,1257046,0.624582,6.777215,7.408849,5446.89004,1225474,70573,1216011,676414,7.3630830000000005,7.507183,1225474,1225474,0.9802566107640062,1.0774313747283004,1.015353396998643,12.282626455965085,0.9423833580627705
netcard_d10,0.0,39.9695,39.9695,608.684,4353408,0,0,0,39.8829,40.067,4353408,4353408,3.71152,30.9362,34.64772,607.85,4353439,0,0,0,34.56896,35.14002,4353439,4353439,3.71452,13.9625,17.67722,567.178,4353439,3478895,72062747,2025843,17.438789999999997,17.72709,4353439,4353439,3.689912,12.506514,16.199482,548.166732,2396640,3478895,72062747,2025843,16.196426,16.285489,2396640,2396640,1.153596831191201,2.2610738566358286,2.4673319801213394,58.35200819218718,1.0912213118913308
netcard_d20,0.0,88.6602,88.6602,754.659,2084469,0,0,0,88.345,88.6989,2084469,2084469,6.30936,66.2418,72.54453,751.905,2084474,0,0,0,72.51386,73.02658,2084474,2084474,6.31848,20.3534,26.67188,720.477,3757593,7627528,187069083,2163854,26.47774,26.837229999999998,3757593,3757593,6.279121,18.721836,25.000957,705.759883,2470661,7627528,187069083,2163854,24.851632000000002,25.099679,2470661,2470661,1.2221486582103436,3.324107636956975,3.54627224869832,46.66867082995931,1.0668343615806388
netcard_d30,0.0,113.032,113.032,944.306,1749071,0,0,0,112.83,113.839,1749071,1749071,9.12133,87.6141,96.73812,952.18,1120011,0,0,0,96.70161,96.90753,1120011,1120011,9.11815,84.3575,93.45145,961.851,1120011,3172,86938,7842,93.42965,94.37868,1120011,1120011,9.106483,84.731678,93.82567900000001,962.176341,1115803,3172,86938,7842,93.694867,94.040966,1115803,1115803,1.1684328783730757,1.2095264439449576,1.2047021796666133,3.506345251685261,0.9960114437327972
netcard_d40,0.0,161.38,161.38,1143.88,2230679,0,0,0,161.237,161.918,2230679,2230679,11.8678,97.5532,109.47070000000001,1117.73,3672596,0,0,0,109.3086,109.9437,3672596,3672596,11.9545,97.3382,109.2964,1117.98,3672596,40,1036,187,109.01809999999999,110.5158,3672596,3672596,11.904051,87.033358,98.884669,1104.59627,2471298,40,1036,187,98.872734,99.081768,2471298,2471298,1.4741844164694295,1.4765353662151726,1.6320022267556964,44.94873149551971,1.1052916605303094
netcard_d50,0.0,378.871,378.871,1538.34,8777357,0,0,0,378.855,379.195,8777357,8777357,14.6828,101.728,116.3508,1248.91,2864158,0,0,0,116.348,117.0668,2864158,2864158,14.6584,101.927,116.5854,1251.77,2864158,46,1232,171,116.55539999999999,117.2324,2864158,2864158,14.684371,93.693219,108.35415499999999,1226.69919,1906498,46,1232,171,108.348386,108.683682,1906498,1906498,3.2562818648432152,3.249729382924448,3.496598722956217,51.37225492688924,1.0759661223882002
netcard_base_x8,0.0,8.74968,8.74968,2061.78,2235508,0,0,0,8.69981,8.80956,2235508,2235508,3.21989,7.25686,10.46951,2088.04,2235631,0,0,0,10.39956,10.99788,2235631,2235631,3.21847,7.50247,10.720939999999999,2088.87,2235631,1107,8871,28,10.69065,10.803460000000001,2235631,2235631,3.229111,8.728808,11.957919,2070.71752,1685484,1107,8871,28,11.876052,11.998954000000001,1685484,1685484,0.8357296568798349,0.8161299289054879,0.7317059096988363,44.52356731095286,0.8965556632387289
netcard_base_x16,0.0,33.7346,33.7346,3934.51,17631059,0,0,0,33.532,36.0019,17631059,17631059,7.37221,15.3563,22.71208,3884.89,17632314,0,0,0,22.70611,22.78841,17632314,17632314,7.39681,15.5754,22.97221,3850.64,17632314,553,3850,829,22.93904,23.09614,17632314,17632314,7.369035,11.36259,18.731625,3764.75878,3586124,553,3850,829,18.556008,18.745659,3586124,3586124,1.4853153035741333,1.4684960654634447,1.800943591386225,84.4512074507492,1.2263863919974909
leon2_base,0.0,12.1489,12.1489,8207.97,3897587,0,0,0,11.9405,12.2202,3897587,3897587,0.617759,9.63969,10.254372,8269.2,3897584,0,0,0,10.245475,10.283239,3897584,3897584,0.603467,9.32101,9.94028,8309.12,3897584,51972,757478,616002,9.812668,9.981357000000001,3897584,3897584,0.611754,8.949667,9.561421,8209.35627,1852937,51972,757478,616002,9.492511,9.777927,1852937,1852937,1.1847531960026416,1.2221889121835603,1.2706165746702296,70.56385595723886,1.0396237128351529
leon2_d10,0.0,55.5666,55.5666,629.764,1995489,0,0,0,55.4115,55.607,1995489,1995489,4.01061,39.6529,43.66419,608.204,1995500,0,0,0,43.42631,43.694500000000005,1995500,1995500,3.98435,34.6765,38.65868,620.065,1995500,591905,9460390,45542,38.37795,38.85566,1995500,1995500,3.983466,33.957924,37.94139,619.835961,1670325,591905,9460390,45542,37.821779,38.311403999999996,1670325,1670325,1.2725897354330862,1.437364131418869,1.464537804229102,32.66449020592667,1.018905211432686
leon2_d20,0.0,261.08,261.08,1030.51,4897299,0,0,0,259.663,261.226,4897299,4897299,6.70551,57.7991,64.50737000000001,792.708,1551252,0,0,0,64.48247,64.71301,1551252,1551252,6.67776,49.0081,55.721470000000004,784.803,1551252,791403,20397316,21450,55.42366,55.748419999999996,1551252,1551252,6.712138,49.5532,56.281496999999995,817.757343,1460343,791403,20397316,21450,56.145424000000006,56.871669000000004,1460343,1460343,4.047289480256286,4.685447099654764,4.638824727778652,16.49136873879823,0.990049536173496
leon2_d30,0.0,4795.31,4795.31,6319.86,81547510,0,0,0,4768.57,4802.58,81547510,81547510,9.55708,876.262,885.7847599999999,2429.84,81543398,0,0,0,883.9350800000001,885.93492,81543398,81543398,9.62632,857.58,867.22693,2410.51,81543398,720304,18221529,307214,866.92492,867.37032,81543398,81543398,9.556603,101.72949,111.30229299999999,1038.55256,5765395,720304,18221529,307214,111.281674,111.308371,5765395,5765395,5.413628927189943,5.529475428075095,43.083658662809405,94.0834443066333,7.791635793163759
leon2_d40,0.0,134.679,134.679,1192.27,2029619,0,0,0,134.303,134.817,2029619,2029619,12.5101,73.0677,85.5778,1164.23,2029631,0,0,0,85.2836,85.99629999999999,2029631,2029631,12.4716,44.5037,56.9435,1112.52,2029631,2504685,64181509,630673,56.9151,56.9888,2029631,2029631,12.458849,39.37005,51.806467,1104.81436,1583854,2504685,64181509,630673,51.61656,52.104255,1583854,1583854,1.5737609520226041,2.365133860756715,2.599656139454559,43.294830866592015,1.0991581417817973
leon2_d50,0.0,149.453,149.453,1358.02,2787391,0,0,0,149.429,150.038,2787391,2787391,15.5809,106.555,122.1359,1334.72,2787358,0,0,0,121.99719999999999,122.5498,2787358,2787358,15.603,103.906,119.509,1323.93,2787358,490,13803,1333,119.0577,119.55239999999999,2787358,2787358,15.570625,96.545073,112.11569800000001,1299.36482,2045352,490,13803,1333,112.040843,112.512495,2045352,2045352,1.2236615114802445,1.2505585353404347,1.3330247473462635,41.51412307998733,1.0659435041826166
leon2_base_x8,0.0,22.9504,22.9504,2499.19,10808015,0,0,0,22.6404,23.3243,10808015,10808015,3.10273,14.2937,17.385199999999998,2499.6,10808122,0,0,0,17.3124,17.47353,10808122,10808122,3.10541,14.5289,17.682380000000002,2498.51,10808122,42192,268366,186928,17.544719999999998,17.68721,10808122,10808122,3.116685,10.612749,13.729434000000001,2430.85185,1771342,42192,268366,186928,13.712496999999999,13.732333,1771342,1771342,1.3201113590870397,1.2979248268615422,1.6716202576158636,92.13568102028094,1.2879176228240727
leon2_base_x16,0.0,8.56844,8.56844,4334.61,1182377,0,0,0,8.4817,8.60246,1182377,1182377,6.50228,9.93045,16.43263,4332.87,1182354,0,0,0,16.41631,16.48503,1182354,1182354,6.52524,10.2366,16.76856,4337.31,1182354,52560,376077,16954,16.755000000000003,16.94414,1182354,1182354,6.530326,11.868491,18.398817,4352.73754,1178994,52560,376077,16954,18.253607000000002,18.524803,1178994,1178994,0.5214284019052338,0.5109824576469297,0.46570602881696144,1.8425699463680556,0.9113933792591121
leon3mp_base,0.0,14.1597,14.1597,6015.18,3898205,0,0,0,14.0612,14.3779,3898205,3898205,0.647271,11.9276,12.595925,6133.07,3898207,0,0,0,12.562071,12.600197000000001,3898207,3898207,0.637137,11.2349,11.872036999999999,6053.0,3898207,34544,671465,190422,11.833471000000001,11.942266,3898207,3898207,0.638261,10.744799,11.383666,6106.38833,1946414,34544,671465,190422,11.358195,11.500408,1946414,1946414,1.1241492784372724,1.192693385305319,1.2438611603678464,67.34484458839552,1.0429010303007835
leon3mp_d10,0.0,84.0857,84.0857,533.335,1100734,0,0,0,84.0069,84.118,1100734,1100734,3.2403,74.681,77.94187,531.448,1100733,0,0,0,77.905,78.10238,1100733,1100733,3.2338,33.4615,36.716770000000004,632.354,18335880,9391941,157973388,5832533,36.4868,36.73977,18335880,18335880,3.239224,21.335358,24.550283999999998,522.676751,6503347,9391941,157973388,5832533,24.384417,24.627915,6503347,6503347,1.078825796712345,2.290117022820907,3.4250398080934628,68.25458528785387,1.495574144885656
leon3mp_d20,0.0,91.7478,91.7478,685.643,2413552,0,0,0,91.7082,92.0973,2413552,2413552,5.39639,61.1507,66.56684,666.402,2413444,0,0,0,66.41051,66.59409,2413444,2413444,5.40476,29.1703,34.55042,688.735,9073472,10901033,268800102,3809941,34.48026,34.60228,9073472,9073472,5.4102,22.617352,27.97766,639.182061,4262236,10901033,268800102,3809941,27.97531,28.147821,4262236,4262236,1.3782808377264115,2.655475678732704,3.2793235745948732,59.59314654215684,1.234928868247023
leon3mp_d30,0.0,125.008,125.008,861.9,2497951,0,0,0,124.842,125.366,2497951,2497951,7.80318,83.6733,91.47648,799.811,2497881,0,0,0,91.3871,91.58157,2497881,2497881,7.80373,25.4018,33.213860000000004,751.982,3491491,3728942,100302593,1404530,33.00153,33.379940000000005,3491491,3491491,7.813694,21.66073,29.477612,759.969811,1950593,3728942,100302593,1404530,29.438792,29.482593,1950593,1950593,1.366558923124283,3.76372996092595,4.24077771293007,61.84642047673461,1.126748666072408
leon3mp_d40,0.0,214.129,214.129,1084.08,4564640,0,0,0,213.145,214.751,4564640,4564640,10.3592,70.1639,80.5231,941.733,1913577,0,0,0,80.5082,80.93279999999999,1913577,1913577,10.3521,53.4505,63.8026,916.782,1913577,477274,12569594,155331,63.2357,64.1264,1913577,1913577,10.324656,50.675955,61.000611,920.213751,1663113,477274,12569594,155331,60.917184,61.233187,1663113,1663113,2.659224495827905,3.356117148830925,3.5102763151011716,27.41575149111679,1.0459337858107682
leon3mp_d50,0.0,153.543,153.543,1115.34,2497504,0,0,0,153.328,153.89,2497504,2497504,13.0044,71.9512,84.9281,1054.11,1078487,0,0,0,84.68520000000001,85.4625,1078487,1078487,12.9955,71.4724,84.46789999999999,1055.06,1078487,85,2283,313,84.13900000000001,84.7267,1078487,1078487,12.983752,72.645409,85.67774200000001,1059.91835,1078031,85,2283,313,85.598463,85.83957099999999,1078031,1078031,1.807917520820553,1.8177674595911586,1.7920990494824198,0.5809879343075974,0.9858791563391105
leon3mp_base_x8,0.0,10.247,10.247,1841.66,3416122,0,0,0,9.91756,10.4759,3416122,3416122,2.73879,8.85439,11.60108,1833.16,3416102,0,0,0,11.52111,11.62355,3416102,3416102,2.72729,9.24844,11.95955,1834.76,3416102,10330,48039,7411,11.91858,12.03749,3416102,3416102,2.721731,9.504967,12.226698,1838.48582,2108690,10330,48039,7411,12.216626,12.327074000000001,2108690,2108690,0.8832798325673127,0.8568048128901171,0.8380840027291097,54.112450550514836,0.9781504376733603
leon3mp_base_x16,0.0,56.4883,56.4883,3502.05,32216088,0,0,0,52.264,56.5027,32216088,32216088,5.82576,22.1904,28.02843,3492.21,32215553,0,0,0,27.85588,28.04756,32215553,32215553,5.78946,22.4832,28.26353,3489.25,32215553,134044,607407,46661,28.160559999999997,28.50929,32215553,32215553,5.796962,11.99763,17.792564,3242.46823,3397905,134044,607407,46661,17.780696,17.872664999999998,3397905,3397905,2.015392942094866,1.9986286214071634,3.1748262926017863,92.3182363612139,1.5885023653701627
des_perf_base,0.0,25.0245,25.0245,665.57,1045966,0,0,0,24.8918,25.1112,1045966,1045966,0.389917,25.7649,26.154817,673.723,1045966,0,0,0,26.026567,26.743818,1045966,1045966,0.390254,26.9795,27.36523,674.089,1045966,4029,25890,25701,27.053846,27.369854,1045966,1045966,0.385239,27.944336,28.330056,675.715236,1016087,4029,25890,25701,28.297409,28.634494999999998,1016087,1016087,0.9567836012769655,0.914463353679103,0.8833198211821396,65.00239307314102,0.9659433782975932
des_perf_d10,0.0,78.6214,78.6214,375.484,13820333,0,0,0,78.4847,78.7478,13820333,13820333,0.573665,42.2258,42.799465,342.749,13820327,0,0,0,42.288138000000004,42.872774,13820327,13820327,0.58422,27.9162,28.50042,325.179,13820327,3082900,51625075,3315073,28.462461,28.588371000000002,13820327,13820327,0.590834,14.70479,15.295623999999998,230.202623,3780932,3082900,51625075,3315073,15.287679,15.320056,3780932,3780932,1.8369715602753445,2.758604960909348,5.140123737351284,78.30841600218153,1.8633054787434629
des_perf_d20,0.0,31.481,31.481,231.642,1222410,0,0,0,31.1844,31.4907,1222410,1222410,0.81487,21.8456,22.66047,229.06,1222410,0,0,0,22.596379000000002,22.705051,1222410,1222410,0.807898,11.8838,12.688877000000002,224.746,1222410,1168599,26736993,590278,12.40012,12.713898,1222410,1222410,0.807938,12.878072,13.692041,225.149411,1193177,1168599,26736993,590278,13.573726,13.771639,1193177,1193177,1.389247442793552,2.4809918166911067,2.2992189404048675,13.143743536711483,0.9267337864384135
des_perf_d30,0.0,74.0172,74.0172,294.62,1668128,0,0,0,73.7753,74.1253,1668128,1668128,1.15052,51.9647,53.11522,294.116,1034196,0,0,0,52.893679999999996,53.4992,1034196,1034196,1.12282,13.6354,14.7667,230.437,1034196,9468632,242565066,593364,14.686209999999999,14.83542,1034196,1034196,1.11848,14.409357,15.549625,235.3367,1032704,9468632,242565066,593364,15.425524,15.629726999999999,1032704,1032704,1.3935214802838056,5.012440152505299,4.7600633455790735,4.363083401567436,0.9496499111714912
des_perf_d40,0.0,94.9099,94.9099,326.329,1447754,0,0,0,94.8367,95.3135,1447754,1447754,1.62938,70.4103,72.03968,319.223,1092966,0,0,0,71.86465,73.05471,1092966,1092966,1.63449,69.9331,71.51975999999999,320.016,1092966,120,3313,564,71.39769,72.8032,1092966,1092966,1.617673,70.632055,72.24972799999999,319.486124,1088998,120,3313,564,72.057375,72.606428,1088998,1088998,1.317466984861676,1.327044441983586,1.3136367793661452,4.268227093776222,0.9898965986418662
des_perf_d50,0.0,90.4854,90.4854,340.331,2995248,0,0,0,90.3665,91.4133,2995248,2995248,2.32461,67.3588,69.68908,326.729,2995248,0,0,0,69.55960999999999,70.08479,2995248,2995248,2.28555,66.2961,68.60186999999999,327.568,2995248,163,4672,699,68.54765,68.61125,2995248,2995248,2.293188,62.273886,64.58133699999999,315.612495,2107297,163,4672,699,64.48657299999999,64.606206,2107297,2107297,1.2984157632730982,1.3189931994565165,1.401107567655343,44.50328981660425,1.0622553385663105
des_perf_base_x8,0.0,12.0247,12.0247,338.049,7159534,0,0,0,12.016,12.2866,7159534,7159534,0.590335,7.77472,8.377114,342.851,7159537,0,0,0,8.365055,8.403609,7159537,7159537,0.584357,7.92627,8.496819,346.031,7159537,5349,21396,0,8.416847,8.556772,7159537,7159537,0.582248,8.154324,8.736572,310.294662,2893668,5349,21396,0,8.726177,8.766268,2893668,2893668,1.4354227482161517,1.4152002061006594,1.37636363553119,69.25632559719992,0.9725575431645272
des_perf_base_x16,0.0,245.742,245.742,2067.23,175650231,0,0,0,243.292,246.675,175650231,175650231,0.866401,49.8517,50.718101000000004,1867.59,175649447,0,0,0,50.250099,51.328755,175649447,175649447,0.871279,49.88,50.751279000000004,1866.57,175649447,3044,12176,0,50.739954,51.077486,175649447,175649447,0.865452,9.366308,10.230913,433.074672,5503945,3044,12176,0,10.126961999999999,10.240019,5503945,5503945,4.845252388294269,4.842084866472034,24.019557198854102,97.42115129628782,4.960581621601123
vga_lcd_base,0.0,7.77023,7.77023,1290.7,1058527,0,0,0,7.70801,7.80662,1058527,1058527,0.416708,8.00617,8.44197,1309.1,1058527,0,0,0,8.372388,8.553283,1058527,1058527,0.415108,8.08026,8.492178000000001,1293.6,1058527,1934,20851,17799,8.453515000000001,8.495368000000001,1058527,1058527,0.409166,9.068744,9.477451,1295.61386,1057393,1934,20851,17799,9.457211999999998,9.509644000000002,1057393,1057393,0.9204285255692688,0.9149867089455731,0.8198649615809145,1.9375672766415497,0.8960402960669489
vga_lcd_d10,0.0,48.9527,48.9527,264.508,3128208,0,0,0,48.5319,49.1659,3128208,3128208,0.620038,38.258,38.920425,260.265,3128204,0,0,0,38.616438,39.080493000000004,3128204,3128204,0.616057,16.8964,17.512457,238.407,3128204,3089411,52957717,1499694,17.394279,17.6247,3128204,3128204,0.619988,15.40468,16.026018,227.842943,1974273,3089411,52957717,1499694,15.979882,16.143103,1974273,1974273,1.257763757718473,2.795307363210085,3.0545766265830974,54.220882960468074,1.0927516117852858
vga_lcd_d20,0.0,110.221,110.221,323.028,1370398,0,0,0,109.895,110.297,1370398,1370398,0.960149,75.0257,75.962288,361.352,9462409,0,0,0,74.63924,76.088749,9462409,9462409,0.955428,35.4589,36.445987,320.533,9462409,5908819,132322277,3609825,35.999828,36.48275,9462409,9462409,0.950682,23.333241,24.283923,263.143121,3998621,5908819,132322277,3609825,24.062944,24.615471000000003,3998621,3998621,1.450996315434838,3.0242287031491286,4.538846544687199,64.56539739452442,1.5008278110583697
vga_lcd_d30,0.0,76.5361,76.5361,313.211,2313103,0,0,0,76.1306,76.5964,2313103,2313103,1.27065,46.3471,47.61775,290.129,2313101,0,0,0,47.36957,47.76602,2313101,2313101,1.26635,20.4074,21.68735,259.713,2313101,2089676,52603442,868452,21.59225,21.75897,2313101,2313101,1.262767,19.962771,21.225538,262.7994,1921794,2089676,52603442,868452,21.108045999999998,21.619115999999998,1921794,1921794,1.6073018989767471,3.5290664834569467,3.6058497080262466,29.800221003563323,1.021757375478539
vga_lcd_d40,0.0,99.5096,99.5096,349.975,2403539,0,0,0,99.4403,99.7142,2403539,2403539,1.72988,93.0945,94.82437999999999,394.382,6873063,0,0,0,94.63755,94.86547999999999,6873063,6873063,1.72777,35.6746,37.41982,329.757,6873063,7951347,206781706,3098210,37.18676,37.60347,6873063,6873063,1.716777,24.694645,26.411422,289.973653,3393669,7951347,206781706,3098210,26.353108,26.45357,3393669,3393669,1.049409445123712,2.659275218320131,3.767672940896556,59.24326028854109,1.4168044416540693
vga_lcd_d50,0.0,126.615,126.615,382.34,1636562,0,0,0,126.245,126.801,1636562,1636562,2.3431,58.6515,60.96648,333.368,2272742,0,0,0,60.76654,61.599,2272742,2272742,2.37113,23.1026,25.469569999999997,294.637,2272742,3985885,106059287,1290283,25.42405,25.67663,2272742,2272742,2.355661,22.368117,24.723778000000003,288.041052,1726141,3985885,106059287,1290283,24.573518,25.123029,1726141,1726141,2.0767969546544265,4.971226447874857,5.121183340183688,42.946724473616804,1.030164969124055
vga_lcd_base_x8,0.0,28.6122,28.6122,450.422,11329581,0,0,0,27.6071,29.2799,11329581,11329581,0.661238,17.6208,18.31263,447.052,11329564,0,0,0,18.221638000000002,18.883682,11329564,11329564,0.66604,13.7713,14.43734,442.247,11329564,49553,1324736,24,14.426763,14.468828,11329564,11329564,0.662211,10.326837,11.03399,374.348553,3195669,49553,1324736,24,10.968822,11.162243,3195669,3195669,1.5624298639791228,1.981819365617212,2.5930964229621383,78.74383662272677,1.3084423676294796
vga_lcd_base_x16,0.0,28.2951,28.2951,572.534,9226226,0,0,0,26.8775,28.463,9226226,9226226,1.03585,16.8819,17.91775,568.121,9226121,0,0,0,17.70214,18.06218,9226121,9226121,1.02794,12.4494,13.478760000000001,562.083,9226121,82801,2181833,72,13.431239999999999,13.610570000000001,9226121,9226121,1.066942,10.035533,11.078861,516.408253,2923658,82801,2181833,72,10.992885999999999,11.488387000000001,2923658,2923658,1.5791659108984106,2.0992361315135812,2.5539719290638274,76.61524794006799,1.2166196507023603
cage15,0.0,22.8137,22.8137,496.938,1546814,0,0,0,22.6787,22.9143,1546814,1546814,2.48027,19.1376,21.59651,500.95,1546814,0,0,0,21.57547,21.79047,1546814,1546814,2.47502,11.236,13.711020000000001,497.265,1546814,2126300,19744042,999169,13.63604,13.764140000000001,1546814,1546814,2.464995,12.071918,14.534941,492.314026,1377707,2126300,19744042,999169,14.534797000000001,14.757413999999999,1377707,1377707,1.0563604952837289,1.6638951733714924,1.569576374613423,30.92587241731192,0.9433144585863817
M6,0.0,68.023,68.023,13115.5,44347947,0,0,0,67.9376,69.0858,44347947,44347947,0.645816,18.4333,19.089364,13141.6,44347948,0,0,0,19.078916,19.178580999999998,44347948,44347948,0.635206,18.4685,19.108176,13260.9,44347948,1399,7559,7559,19.083457999999997,19.160206,44347948,44347948,0.638343,4.597607,5.238048,12770.0297,2438158,1399,7559,7559,5.158756,5.253384,2438158,2438158,3.563397921481302,3.559889756091842,12.986326203959948,96.68229278119462,3.647957407034071
nlpkkt120,0.0,6.06533,6.06533,45869.9,1039987,0,0,0,5.95535,6.13404,1039987,1039987,2.35878,5.80905,8.16783,45769.7,1039987,0,0,0,8.16091,8.20187,1039987,1039987,2.36253,3.32368,5.68873,46073.0,1039987,720812,18227437,213150,5.54879,5.71267,1039987,1039987,2.37045,3.907973,6.2486440000000005,45473.2077,1038691,720812,18227437,213150,6.2465980000000005,6.281081,1038691,1038691,0.7425876885292667,1.066201067725134,0.9706633951302074,3.241053342336264,0.910394319151483
